teams,rounds,scoring_type,slots_qb,slots_rb,slots_wr,slots_te,slots_flex,slots_k,slots_def,slots_bn,drafts,picks,seasons,first_season,last_season
10,15,ppr,1,2,2,1,2,1,1,5,968,145198,6,2020,2025
12,15,ppr,1,2,2,1,2,1,1,5,843,151739,6,2020,2025
12,14,ppr,1,2,2,1,2,0,0,6,517,86856,6,2020,2025
12,15,ppr,1,2,2,1,2,0,0,7,449,80820,6,2020,2025
12,16,ppr,1,2,2,1,2,1,1,6,310,59518,6,2020,2025
10,15,ppr,1,2,2,1,3,0,0,6,303,45450,6,2020,2025
12,15,ppr,1,2,2,1,3,0,0,6,275,49500,6,2020,2025
12,15,ppr,1,2,3,1,2,0,0,6,255,45900,6,2020,2025
12,15,half_ppr,1,2,2,1,2,0,1,6,253,45540,6,2020,2025
12,16,ppr,1,2,2,1,3,0,0,7,245,47040,6,2020,2025
12,15,ppr,1,2,2,1,1,1,1,6,228,41039,6,2020,2025
10,16,ppr,1,2,2,1,2,1,1,6,201,32160,6,2020,2025
8,15,ppr,1,2,2,1,2,1,1,5,183,21959,6,2020,2025
12,13,ppr,1,2,2,1,2,0,0,5,180,28081,6,2020,2025
12,20,ppr,1,2,3,1,2,0,0,11,166,39840,5,2021,2025
12,15,half_ppr,1,2,2,1,1,1,1,6,166,29880,6,2020,2025
12,18,half_ppr,1,2,3,1,1,0,0,10,159,34344,5,2021,2025
12,15,ppr,1,2,2,1,2,0,1,6,147,26460,6,2020,2025
12,18,ppr,1,2,2,1,2,0,0,10,146,31536,6,2020,2025
12,19,ppr,1,2,3,1,2,0,0,10,142,32376,5,2021,2025
12,14,half_ppr,1,2,2,1,2,0,1,5,138,23184,6,2020,2025
12,16,ppr,1,2,3,1,2,0,0,7,134,25728,6,2020,2025
12,16,ppr,1,2,2,1,1,1,1,7,134,25723,6,2020,2025
12,18,ppr,1,2,3,1,2,0,0,9,130,28080,6,2020,2025
12,17,ppr,1,2,2,1,2,1,1,7,127,25908,6,2020,2025
12,20,ppr,1,2,3,1,2,0,1,10,123,29520,4,2021,2025
10,16,ppr,1,2,2,1,3,0,0,7,121,19360,6,2020,2025
10,14,ppr,1,2,2,1,2,0,0,6,120,16800,6,2020,2025
12,16,half_ppr,1,2,2,1,2,0,1,7,115,22080,6,2020,2025
12,16,half_ppr,1,2,3,1,2,0,1,6,115,22080,6,2020,2025
12,14,ppr,1,2,2,1,1,1,1,5,115,19318,6,2020,2025
10,17,ppr,1,2,2,1,2,1,1,7,113,19210,6,2020,2025
12,22,ppr,1,2,3,1,3,0,0,12,108,28512,5,2021,2025
12,15,half_ppr,1,2,2,1,2,1,1,5,108,19440,6,2020,2025
12,16,half_ppr,1,2,2,1,2,1,1,6,107,20532,6,2020,2025
12,20,ppr,1,2,3,1,1,0,0,10,104,24960,3,2021,2024
12,14,ppr,1,2,3,1,2,0,0,5,103,17304,6,2020,2025
10,15,ppr,1,2,2,1,1,1,1,6,101,15150,6,2020,2025
12,14,ppr,1,2,3,1,1,0,1,5,98,16464,5,2021,2025
10,14,ppr,1,2,2,1,3,0,0,5,97,13580,6,2020,2025
12,20,ppr,1,2,3,1,3,0,0,10,96,23040,6,2020,2025
12,16,ppr,1,2,2,1,2,0,1,7,95,18240,6,2020,2025
12,14,ppr,1,2,2,1,3,0,0,5,95,15960,5,2021,2025
10,14,ppr,1,2,2,1,1,1,1,5,94,13160,6,2020,2025
10,14,ppr,1,2,2,1,1,1,1,0,92,12880,4,2021,2024
12,20,ppr,1,2,2,1,2,0,0,12,88,21120,6,2020,2025
10,15,half_ppr,1,2,2,1,2,1,1,5,82,12299,6,2020,2025
12,18,ppr,1,2,3,1,1,0,0,10,81,17496,5,2021,2025
12,16,half_ppr,1,2,2,1,1,1,1,7,77,14784,6,2020,2025
12,19,ppr,1,2,3,1,1,0,0,11,75,17100,2,2023,2024
12,14,ppr,1,2,2,1,2,0,1,5,75,12599,6,2020,2025
10,15,ppr,1,2,2,1,2,0,0,7,73,10950,6,2020,2025
10,16,ppr,1,2,2,1,1,1,1,7,72,11503,6,2020,2025
12,20,ppr,1,2,2,1,3,0,0,11,69,16560,6,2020,2025
14,23,half_ppr,1,2,3,1,2,0,0,14,68,21896,2,2024,2025
10,18,ppr,1,2,2,1,2,1,1,8,67,12060,6,2020,2025
12,23,ppr,1,2,2,1,3,0,0,14,64,17664,5,2021,2025
12,20,ppr,1,2,3,1,1,0,0,12,63,15120,5,2021,2025
14,15,ppr,1,2,2,1,2,1,1,5,63,13230,6,2020,2025
10,21,ppr,1,2,2,1,2,0,0,13,61,12810,1,2025,2025
12,21,ppr,1,2,3,1,2,0,0,12,60,15120,5,2021,2025
14,16,half_ppr,1,2,3,1,1,1,1,6,60,13439,6,2020,2025
12,16,ppr,1,2,2,1,2,0,0,8,60,11520,6,2020,2025
12,18,ppr,1,2,2,1,3,0,0,9,59,12744,5,2021,2025
10,15,ppr,1,2,2,1,2,0,1,6,59,8850,6,2020,2025
10,15,ppr,1,2,2,1,2,1,1,0,58,8696,5,2021,2025
12,15,ppr,1,2,2,1,2,1,1,0,57,10260,5,2021,2025
10,16,ppr,1,2,3,1,3,0,0,6,57,9120,6,2020,2025
10,21,ppr,1,2,2,1,3,0,0,12,55,11550,4,2021,2024
10,18,ppr,1,2,2,1,2,0,0,10,55,9900,5,2021,2025
10,13,ppr,1,2,2,1,2,0,0,5,55,7150,6,2020,2025
10,22,ppr,1,2,3,1,3,0,0,12,54,11880,5,2021,2025
10,17,ppr,1,2,2,1,4,0,0,7,53,9010,5,2020,2025
12,14,half_ppr,1,2,2,1,2,0,0,6,53,8904,6,2020,2025
8,17,ppr,1,2,3,1,2,0,0,8,53,7207,1,2020,2020
12,17,ppr,1,2,2,1,3,0,0,8,51,10404,6,2020,2025
12,16,ppr,1,2,3,1,1,1,1,6,51,9791,6,2020,2025
12,16,ppr,1,2,3,1,3,0,0,6,49,9408,6,2020,2025
10,16,ppr,1,2,2,1,2,0,0,8,49,7842,6,2020,2025
10,15,half_ppr,1,2,2,1,1,1,1,6,48,7200,6,2020,2025
12,26,ppr,1,2,3,1,3,0,0,16,46,14352,3,2023,2025
10,16,ppr,1,2,2,1,2,0,1,7,46,7360,6,2020,2025
10,15,ppr,1,2,3,1,2,0,0,6,46,6900,6,2020,2025
12,21,ppr,1,2,2,1,2,0,0,12,45,11340,5,2021,2025
12,14,half_ppr,1,2,2,1,1,1,1,5,44,7392,6,2020,2025
10,17,ppr,1,2,2,1,3,0,0,8,43,7310,6,2020,2025
12,14,ppr,1,2,3,1,1,0,0,6,42,7056,6,2020,2025
12,18,ppr,1,2,2,1,2,1,1,8,41,8856,6,2020,2025
12,15,ppr,1,2,3,1,1,1,1,5,41,7380,6,2020,2025
12,21,ppr,1,2,2,1,3,0,0,12,40,10080,5,2021,2025
12,17,ppr,1,2,3,1,2,0,0,8,40,8160,6,2020,2025
10,16,ppr,1,2,3,1,2,0,0,7,40,6400,6,2020,2025
10,14,ppr,1,2,2,1,2,0,1,5,40,5600,6,2020,2025
10,24,ppr,1,2,3,1,2,0,0,15,39,9360,5,2021,2025
12,20,ppr,1,2,3,1,0,0,0,10,39,9360,1,2025,2025
12,18,half_ppr,1,2,3,1,2,0,0,9,39,8424,5,2021,2025
10,16,half_ppr,1,2,2,1,2,1,1,6,39,6240,6,2020,2025
12,22,half_ppr,1,2,3,1,2,0,0,13,38,10032,4,2021,2025
12,22,ppr,1,2,2,1,4,0,0,12,38,10032,5,2021,2025
12,22,ppr,1,2,2,1,3,0,0,13,37,9768,5,2021,2025
12,19,ppr,1,2,2,1,3,0,0,10,37,8436,6,2020,2025
10,21,ppr,1,2,3,1,2,0,0,12,37,7770,5,2021,2025
12,15,ppr,1,2,3,1,1,0,1,6,37,6660,6,2020,2025
12,13,half_ppr,1,2,2,1,2,0,0,5,37,5772,6,2020,2025
12,16,ppr,1,2,3,1,2,0,1,6,36,6912,6,2020,2025
8,16,ppr,1,2,2,1,2,1,1,6,36,4608,6,2020,2025
12,16,ppr,1,2,2,1,3,0,1,6,34,6528,6,2020,2025
12,15,half_ppr,1,2,3,1,2,0,0,6,34,6120,6,2020,2025
8,15,ppr,1,2,2,1,0,0,0,6,34,4080,3,2022,2024
12,21,ppr,1,2,3,1,3,0,0,11,32,8064,4,2022,2025
10,13,ppr,1,2,2,1,2,0,0,0,32,4160,3,2022,2024
12,22,ppr,1,2,3,1,2,0,0,13,31,8184,5,2021,2025
12,20,half_ppr,1,2,3,1,3,0,0,10,31,7439,4,2021,2024
10,20,ppr,1,2,2,1,2,0,0,12,31,6200,5,2021,2025
12,14,ppr,1,2,2,1,1,1,1,0,31,5208,4,2021,2024
10,14,half_ppr,1,2,2,1,1,1,1,5,31,4340,6,2020,2025
12,19,half_ppr,1,2,2,1,3,0,0,10,30,6840,4,2021,2025
12,16,ppr,1,2,2,1,2,1,1,0,30,5760,4,2021,2025
12,15,ppr,1,2,2,1,3,0,1,5,30,5400,5,2020,2024
12,17,ppr,1,2,3,1,2,1,1,6,29,5916,6,2020,2025
12,17,ppr,1,2,3,1,3,0,0,7,29,5914,5,2021,2025
12,16,half_ppr,1,2,3,1,1,1,1,6,29,5568,6,2020,2025
10,19,ppr,1,2,3,1,2,0,0,10,29,5510,6,2020,2025
12,18,half_ppr,1,2,2,1,2,0,0,10,28,6048,4,2021,2025
12,16,ppr,1,2,3,1,2,1,1,5,28,5376,6,2020,2025
10,18,ppr,1,2,3,1,2,0,0,9,28,5040,5,2021,2025
10,15,ppr,1,2,3,1,1,1,1,5,27,4050,6,2020,2025
12,20,half_ppr,1,2,3,1,2,0,0,11,26,6240,4,2021,2025
12,20,ppr,1,2,2,1,4,0,0,10,26,6240,5,2021,2025
10,16,half_ppr,1,2,2,1,1,1,1,7,26,4160,6,2020,2025
12,13,ppr,1,2,3,1,1,0,0,5,26,4044,6,2020,2025
10,14,half_ppr,1,2,2,1,2,0,1,5,26,3640,6,2020,2025
10,14,ppr,1,2,2,1,2,0,0,5,26,3640,3,2021,2023
10,19,ppr,1,2,2,1,3,0,0,10,25,4750,6,2020,2025
10,18,ppr,1,2,3,1,3,0,0,8,25,4500,6,2020,2025
12,15,ppr,1,2,2,1,0,1,1,6,25,4500,5,2020,2024
12,19,half_ppr,1,2,3,1,2,0,0,10,24,5472,4,2021,2025
12,18,ppr,1,2,2,1,3,0,1,8,24,5184,4,2021,2025
10,20,ppr,1,2,2,1,2,1,1,10,24,4800,6,2020,2025
10,24,ppr,1,2,3,1,3,0,0,14,23,5520,4,2021,2025
12,18,half_ppr,1,2,2,1,3,0,0,9,23,4968,4,2022,2025
12,17,ppr,1,2,2,1,3,1,1,6,23,4692,6,2020,2025
10,20,ppr,1,2,2,1,3,0,0,11,23,4600,5,2021,2025
10,18,ppr,1,2,3,1,2,1,1,7,23,4140,6,2020,2025
10,16,ppr,1,2,2,1,0,1,1,7,23,3680,1,2023,2023
10,16,ppr,1,2,3,1,1,1,1,6,23,3680,6,2020,2025
10,15,half_ppr,1,2,2,1,2,0,1,6,23,3450,6,2020,2025
12,17,ppr,1,2,3,1,1,1,1,7,22,4488,6,2020,2025
10,20,ppr,1,2,3,1,2,0,0,11,22,4400,5,2021,2025
12,15,ppr,1,2,3,1,2,0,1,5,22,3960,6,2020,2025
12,15,half_ppr,1,2,2,1,2,0,0,7,22,3952,6,2020,2025
8,17,ppr,1,2,2,1,2,1,1,7,22,2992,6,2020,2025
12,18,ppr,1,2,3,1,3,0,0,8,21,4536,5,2021,2025
10,20,ppr,1,2,3,1,3,0,0,10,21,4200,5,2021,2025
10,16,ppr,1,2,3,1,2,0,1,6,21,3360,5,2020,2024
12,20,ppr,1,2,2,1,2,1,1,10,20,4800,6,2020,2025
12,16,half_ppr,1,2,3,1,2,0,0,7,20,3840,6,2020,2025
12,20,half_ppr,1,2,3,1,0,0,0,10,19,4560,1,2025,2025
12,18,ppr,1,2,2,1,4,0,0,8,19,4104,5,2020,2025
12,15,half_ppr,1,2,2,1,2,1,1,0,19,3420,3,2020,2023
12,15,half_ppr,1,2,2,1,3,0,0,6,19,3420,6,2020,2025
10,15,ppr,1,2,2,1,0,1,1,6,19,2850,4,2021,2025
12,16,ppr,1,2,2,1,1,0,0,7,18,3456,5,2020,2025
10,18,ppr,1,2,3,1,1,1,1,8,18,3240,6,2020,2025
10,17,ppr,1,2,2,1,3,1,1,6,18,3060,5,2021,2025
10,17,ppr,1,2,3,1,2,0,0,8,18,3060,5,2020,2024
12,25,ppr,1,2,3,1,3,0,0,15,17,5100,5,2021,2025
12,24,ppr,1,2,3,1,2,0,0,15,17,4896,5,2021,2025
12,23,ppr,1,1,1,1,5,0,0,14,17,4692,1,2024,2024
12,20,half_ppr,1,2,2,1,2,0,0,12,17,4080,4,2021,2024
12,17,half_ppr,1,2,2,1,2,1,1,7,17,3468,6,2020,2025
10,18,ppr,1,2,2,1,3,0,0,9,17,3060,6,2020,2025
10,18,ppr,1,2,2,1,3,1,1,7,17,3060,4,2022,2025
12,15,ppr,1,2,2,1,1,1,1,0,17,3060,4,2020,2023
12,15,ppr,1,2,3,1,1,0,0,7,17,3060,6,2020,2025
10,17,ppr,1,2,2,1,2,0,1,8,17,2890,6,2020,2025
10,14,ppr,1,2,3,1,2,0,0,5,17,2380,4,2021,2024
8,15,ppr,1,2,2,1,1,1,1,6,17,2040,6,2020,2025
14,22,half_ppr,1,2,3,1,1,0,0,14,16,4928,1,2023,2023
14,20,ppr,1,2,3,1,3,0,0,10,16,4480,3,2022,2025
12,23,ppr,1,2,3,1,3,0,0,13,16,4416,3,2023,2025
14,15,ppr,1,2,2,1,1,1,1,6,16,3360,6,2020,2025
12,17,ppr,1,2,2,1,2,0,1,8,16,3264,6,2020,2025
10,20,ppr,1,2,2,1,4,0,0,10,16,3200,4,2021,2025
14,14,ppr,1,2,2,1,2,0,0,6,16,3136,5,2020,2025
12,16,ppr,1,2,2,1,3,0,0,0,16,3072,3,2021,2024
10,19,ppr,1,2,3,1,2,1,1,8,16,3040,3,2022,2024
10,17,ppr,1,2,3,1,2,1,1,6,16,2720,6,2020,2025
12,14,ppr,1,2,2,1,1,0,1,6,16,2688,4,2020,2025
10,16,ppr,1,2,2,1,3,1,1,5,16,2560,5,2021,2025
10,15,ppr,1,2,2,1,3,0,1,5,16,2400,6,2020,2025
12,12,ppr,1,2,2,1,1,0,0,5,16,2292,6,2020,2025
14,24,ppr,1,2,2,1,2,0,1,15,15,5040,3,2021,2023
12,19,ppr,1,2,2,1,3,1,1,8,15,3420,5,2021,2025
12,17,ppr,1,2,2,1,1,1,1,8,15,3060,6,2020,2025
12,15,half_ppr,1,2,3,1,1,0,1,6,15,2700,5,2020,2025
12,13,half_ppr,1,2,3,1,1,0,0,5,15,2340,5,2020,2025
10,24,ppr,1,1,2,1,5,0,0,14,14,3360,1,2023,2023
10,22,ppr,1,2,3,1,2,0,0,13,14,3080,4,2021,2025
12,18,ppr,1,2,3,1,1,1,1,8,14,3024,6,2020,2025
10,21,ppr,1,2,3,1,3,0,0,11,14,2940,3,2021,2024
10,17,ppr,1,2,3,1,1,1,1,7,14,2380,4,2020,2024
12,14,ppr,1,2,2,1,0,1,1,6,14,2352,6,2020,2025
10,16,half_ppr,1,2,3,1,1,1,1,6,14,2240,5,2020,2025
12,24,ppr,1,2,3,1,3,0,0,14,13,3744,5,2021,2025
12,20,half_ppr,1,2,3,1,1,0,0,12,13,3120,4,2021,2025
12,20,ppr,1,2,3,1,1,0,1,11,13,3120,1,2021,2021
12,18,ppr,1,2,3,1,2,1,1,7,13,2808,6,2020,2025
12,17,ppr,1,2,2,1,2,0,0,9,13,2652,5,2020,2024
12,16,half_ppr,1,2,2,1,2,0,0,0,13,2496,2,2021,2025
10,17,ppr,1,2,3,1,2,0,1,7,13,2210,5,2020,2025
12,14,half_ppr,1,2,2,1,1,0,1,6,13,2184,6,2020,2025
10,16,ppr,1,2,2,1,4,0,0,6,13,2080,5,2020,2025
10,16,ppr,1,2,3,1,2,1,1,5,13,2080,5,2020,2024
12,26,ppr,1,2,3,1,4,0,0,15,12,3743,4,2021,2025
12,25,ppr,1,1,1,1,5,0,0,16,12,3600,1,2024,2024
10,23,ppr,1,2,2,1,3,0,0,14,12,2760,4,2021,2025
14,15,half_ppr,1,2,2,1,2,1,1,5,12,2520,6,2020,2025
12,17,half_ppr,1,2,3,1,2,0,0,8,12,2448,5,2021,2025
14,14,ppr,1,2,2,1,1,1,1,5,12,2352,6,2020,2025
12,16,half_ppr,1,2,2,1,2,0,0,8,12,2304,4,2020,2023
12,16,ppr,1,2,3,1,1,0,0,8,12,2304,4,2020,2024
10,18,ppr,1,2,3,1,1,0,0,10,12,2160,4,2021,2025
10,17,ppr,1,2,3,1,3,0,0,7,12,2040,4,2021,2025
12,14,half_ppr,1,2,2,1,3,0,0,5,12,2016,6,2020,2025
12,14,half_ppr,1,2,3,1,1,0,0,6,12,2016,6,2020,2025
12,14,half_ppr,1,2,3,1,2,0,0,5,12,2016,5,2021,2025
12,13,half_ppr,1,2,2,1,1,0,1,5,12,1872,5,2020,2025
12,13,ppr,1,2,2,1,0,1,1,5,12,1872,5,2020,2024
10,15,ppr,1,2,2,1,2,0,0,6,12,1800,4,2021,2025
10,15,std,1,2,2,1,2,1,1,0,12,1800,4,2021,2025
8,18,ppr,1,2,2,1,2,1,1,8,12,1728,5,2021,2025
10,13,half_ppr,1,2,2,1,2,0,0,5,12,1560,5,2020,2024
8,14,ppr,1,2,2,1,1,1,1,5,12,1344,5,2020,2025
12,21,half_ppr,1,1,1,1,6,0,0,11,11,2772,1,2024,2024
14,16,ppr,1,2,2,1,2,1,1,6,11,2464,4,2021,2025
14,15,ppr,1,0,0,0,8,0,0,6,11,2310,3,2022,2024
14,15,ppr,1,2,2,1,2,0,0,7,11,2310,3,2021,2025
12,17,half_ppr,1,2,2,1,2,0,0,9,11,2244,2,2020,2022
12,16,ppr,1,2,2,1,3,1,1,5,11,2112,5,2021,2025
12,15,half_ppr,1,2,2,1,0,1,1,6,11,1980,3,2020,2023
12,15,ppr,1,2,3,1,3,0,0,5,11,1980,5,2020,2025
12,15,std,1,2,2,1,1,1,1,6,11,1980,2,2020,2021
12,15,std,1,2,2,1,2,1,1,5,11,1979,6,2020,2025
10,16,ppr,1,2,2,1,3,0,1,6,11,1760,4,2021,2025
12,13,ppr,1,2,2,1,1,0,0,6,11,1716,4,2020,2025
10,14,ppr,1,2,3,1,1,0,0,6,11,1540,6,2020,2025
8,14,ppr,1,2,2,1,2,0,0,6,11,1232,5,2021,2025
12,24,ppr,1,2,2,1,3,0,0,15,10,2880,5,2021,2025
12,22,ppr,1,2,2,1,2,0,0,13,10,2640,2,2022,2023
12,22,ppr,1,2,2,1,2,0,0,14,10,2640,4,2021,2025
10,25,ppr,1,2,3,1,3,0,0,15,10,2500,4,2021,2025
10,23,ppr,1,2,3,1,2,0,0,14,10,2300,2,2024,2025
12,19,ppr,1,2,3,1,3,0,0,9,10,2280,5,2021,2025
12,16,ppr,1,2,2,1,1,1,1,6,10,1920,4,2022,2025
14,13,ppr,1,2,2,1,2,0,0,5,10,1820,6,2020,2025
12,15,std,1,2,2,1,0,1,1,6,10,1800,4,2020,2025
12,14,ppr,1,2,2,1,2,1,1,4,10,1680,4,2022,2025
10,16,ppr,1,2,3,1,1,0,1,7,10,1600,5,2020,2025
10,15,half_ppr,1,2,2,1,2,0,0,7,10,1501,4,2021,2025
8,16,ppr,1,2,2,1,3,0,0,7,10,1280,5,2020,2025
8,15,half_ppr,1,2,2,1,2,1,1,5,10,1200,5,2020,2025
8,15,ppr,1,2,3,1,2,0,0,6,10,1200,4,2020,2025
12,23,ppr,1,2,2,1,2,0,0,15,9,2484,3,2021,2023
12,23,ppr,1,2,3,1,4,0,0,12,9,2484,2,2022,2023
10,24,ppr,1,2,2,1,3,0,0,15,9,2160,4,2021,2025
10,23,ppr,1,2,3,1,3,0,0,13,9,2070,3,2023,2025
12,18,half_ppr,1,2,2,1,2,1,1,8,9,1944,6,2020,2025
12,18,ppr,1,2,2,1,3,1,1,7,9,1944,4,2020,2023
12,17,half_ppr,1,2,3,1,1,1,1,7,9,1836,4,2021,2025
12,17,ppr,1,2,3,1,1,0,0,9,9,1836,4,2021,2024
12,17,ppr,1,2,3,1,2,0,1,7,9,1836,4,2020,2025
14,14,half_ppr,1,2,2,1,1,1,1,5,9,1764,6,2020,2025
14,14,ppr,1,2,2,1,1,1,1,0,9,1764,2,2021,2022
12,16,std,1,2,2,1,1,1,1,7,9,1728,5,2020,2025
10,19,ppr,1,2,2,1,1,1,1,10,9,1710,2,2024,2025
10,17,ppr,1,2,2,1,2,0,0,9,9,1530,3,2022,2024
12,14,ppr,1,2,2,1,1,0,0,7,9,1512,5,2021,2025
12,13,ppr,1,1,2,1,2,0,0,6,9,1404,3,2022,2025
12,13,ppr,1,2,2,1,2,0,0,0,9,1404,5,2021,2025
10,14,half_ppr,1,2,2,1,2,0,0,6,9,1260,5,2020,2025
12,25,ppr,1,2,2,1,3,0,0,16,8,2400,4,2021,2024
12,21,ppr,1,2,2,1,2,0,0,13,8,2016,2,2023,2025
12,20,ppr,1,2,3,1,2,1,1,9,8,1920,3,2020,2024
12,19,ppr,1,2,2,1,2,0,0,11,8,1824,4,2022,2025
10,22,ppr,1,2,2,1,4,0,0,12,8,1760,3,2021,2025
12,18,ppr,1,2,2,1,1,1,1,9,8,1728,4,2020,2024
12,17,half_ppr,1,2,2,1,1,1,1,8,8,1632,5,2020,2024
12,17,ppr,1,2,2,1,3,0,1,7,8,1632,5,2020,2025
12,16,ppr,1,2,3,1,1,0,1,7,8,1536,4,2021,2025
10,18,ppr,1,2,2,1,3,0,1,8,8,1440,6,2020,2025
10,18,ppr,1,2,2,1,4,0,0,8,8,1440,5,2020,2025
10,18,ppr,1,2,3,1,2,0,1,8,8,1440,5,2020,2025
12,15,ppr,1,2,2,1,2,1,0,6,8,1440,3,2023,2025
12,15,std,1,2,2,1,2,1,1,0,8,1440,2,2021,2022
10,17,half_ppr,1,2,2,1,2,1,1,7,8,1360,5,2020,2025
12,13,ppr,1,2,2,1,1,0,1,5,8,1248,5,2020,2025
12,13,ppr,1,2,2,1,1,1,1,4,8,1248,4,2021,2025
10,15,half_ppr,1,2,3,1,2,0,0,6,8,1200,5,2020,2025
10,15,ppr,1,2,2,1,2,1,1,6,8,1200,5,2021,2025
10,15,std,1,2,2,1,2,1,1,5,8,1200,5,2021,2025
10,14,ppr,1,2,2,1,1,0,1,5,8,1120,1,2021,2021
8,16,ppr,1,2,2,1,1,1,1,7,8,1024,5,2020,2025
8,15,ppr,1,2,2,1,3,0,1,5,8,960,3,2021,2025
12,27,ppr,1,2,2,1,3,0,0,18,7,2266,5,2021,2025
14,20,ppr,1,2,3,1,2,0,1,10,7,1960,1,2024,2024
12,23,ppr,1,2,3,1,2,0,0,14,7,1932,3,2022,2025
12,22,half_ppr,1,2,2,1,2,1,1,12,7,1848,1,2025,2025
12,22,ppr,1,2,3,1,1,0,0,12,7,1848,2,2021,2022
10,24,ppr,1,2,2,1,4,0,0,14,7,1680,4,2021,2025
14,16,ppr,1,2,3,1,3,0,0,6,7,1568,1,2025,2025
14,16,half_ppr,1,2,2,1,2,0,0,0,7,1567,1,2021,2021
12,18,half_ppr,1,2,3,1,1,1,1,8,7,1500,2,2021,2023
12,17,half_ppr,1,2,3,1,2,1,1,6,7,1428,5,2020,2024
12,17,ppr,1,2,2,1,4,0,0,7,7,1428,4,2020,2024
12,16,half_ppr,1,2,2,1,3,0,1,6,7,1344,4,2020,2023
10,18,half_ppr,1,2,3,1,1,1,1,8,7,1260,4,2020,2025
12,15,ppr,1,2,2,1,4,0,0,5,7,1260,3,2022,2025
10,17,ppr,1,2,2,1,1,1,1,8,7,1190,5,2020,2024
10,17,std,1,2,2,1,2,1,1,7,7,1190,5,2021,2025
12,14,half_ppr,1,2,3,1,1,0,1,5,7,1176,4,2021,2025
8,20,ppr,1,2,2,1,2,1,1,10,7,1120,5,2020,2025
10,16,half_ppr,1,2,3,1,2,0,0,7,7,1120,4,2021,2025
10,16,ppr,1,2,2,1,2,1,0,7,7,1120,4,2021,2025
10,15,half_ppr,1,2,2,1,3,0,1,5,7,1050,3,2020,2024
10,15,ppr,1,2,3,1,2,0,1,5,7,1050,3,2020,2024
10,14,ppr,1,2,2,1,2,1,0,5,7,977,4,2022,2025
8,16,ppr,1,2,3,1,2,1,1,5,7,896,5,2021,2025
8,15,half_ppr,1,2,2,1,1,1,1,6,7,840,4,2020,2023
8,15,ppr,1,2,2,1,2,1,1,0,7,840,4,2021,2024
12,22,ppr,1,1,1,0,7,0,0,12,6,1584,1,2024,2024
12,19,ppr,1,1,3,1,3,0,0,10,6,1368,1,2023,2023
12,19,ppr,1,2,2,1,4,0,0,9,6,1368,5,2021,2025
14,16,ppr,1,2,2,1,1,1,1,7,6,1344,4,2020,2025
14,16,ppr,1,2,3,1,2,1,1,5,6,1344,3,2021,2023
10,22,ppr,1,2,2,1,3,0,0,13,6,1320,2,2023,2024
12,18,half_ppr,1,2,2,1,3,1,1,7,6,1296,3,2020,2025
12,18,ppr,1,2,3,1,4,0,0,7,6,1296,3,2022,2025
14,15,half_ppr,1,2,2,1,2,0,1,6,6,1260,3,2020,2022
14,15,ppr,1,2,3,1,2,0,0,6,6,1260,4,2020,2025
12,17,half_ppr,1,2,2,1,2,0,1,8,6,1221,4,2020,2024
10,20,half_ppr,1,2,2,1,2,0,0,12,6,1200,4,2021,2025
10,20,ppr,1,2,3,1,1,0,0,12,6,1200,3,2022,2025
10,20,ppr,1,2,3,1,1,1,1,10,6,1200,4,2022,2025
14,14,ppr,1,2,2,1,3,0,0,5,6,1176,4,2021,2025
12,16,half_ppr,1,2,3,1,2,1,0,6,6,1152,1,2021,2021
12,16,half_ppr,1,2,3,1,2,1,1,5,6,1152,3,2023,2025
12,16,ppr,1,1,2,1,4,0,0,7,6,1152,2,2021,2022
12,16,ppr,1,2,2,1,4,0,0,6,6,1152,3,2021,2024
12,16,ppr,1,2,3,1,1,0,0,6,6,1152,2,2020,2024
12,15,half_ppr,1,2,2,1,3,0,1,5,6,1080,4,2022,2025
12,15,half_ppr,1,2,3,1,1,1,1,5,6,1080,3,2021,2025
12,15,half_ppr,1,2,3,1,2,0,1,5,6,1080,3,2021,2025
10,18,half_ppr,1,2,2,1,2,1,1,8,6,1079,4,2020,2023
12,15,ppr,1,2,2,1,2,1,1,6,6,1078,4,2022,2025
10,17,ppr,1,2,2,1,3,0,1,7,6,1020,4,2020,2025
12,14,ppr,1,2,2,1,2,1,0,5,6,985,2,2024,2025
10,16,ppr,1,2,2,1,1,1,0,8,6,960,6,2020,2025
10,15,half_ppr,1,2,3,1,2,0,1,5,6,900,5,2020,2025
10,14,ppr,1,2,2,1,0,1,1,5,6,840,3,2021,2023
8,15,ppr,1,2,2,1,3,0,0,6,6,720,5,2020,2025
8,14,ppr,1,2,2,1,3,0,0,5,6,672,5,2021,2025
8,13,ppr,1,2,2,1,1,0,0,6,6,624,2,2024,2025
8,13,ppr,1,2,2,1,2,0,0,5,6,624,2,2022,2025
10,32,ppr,1,5,5,1,0,0,0,20,5,1600,5,2021,2025
12,25,ppr,1,2,2,1,2,1,1,15,5,1500,4,2022,2025
12,25,ppr,1,2,2,1,4,0,0,15,5,1500,3,2022,2024
14,20,ppr,1,2,3,1,2,0,0,11,5,1400,3,2021,2024
12,23,half_ppr,1,2,2,1,2,0,0,15,5,1380,2,2024,2025
12,23,ppr,1,2,2,1,4,0,0,13,5,1380,3,2021,2023
12,23,ppr,1,2,3,1,1,0,0,15,5,1380,2,2023,2025
12,21,ppr,1,2,3,1,4,0,0,10,5,1260,3,2022,2025
14,18,ppr,1,2,3,1,3,0,0,8,5,1260,3,2020,2023
10,24,ppr,1,1,1,1,6,0,0,14,5,1200,2,2023,2024
10,24,ppr,1,2,2,1,2,0,0,16,5,1200,2,2024,2025
14,17,ppr,1,2,2,1,2,1,1,7,5,1190,4,2020,2025
12,19,ppr,1,2,2,1,1,1,1,10,5,1140,4,2020,2024
12,19,ppr,1,2,2,1,2,1,1,9,5,1140,4,2020,2025
14,16,ppr,1,2,2,1,2,0,1,7,5,1120,5,2021,2025
12,18,ppr,1,2,2,1,1,0,0,10,5,1080,2,2023,2024
12,18,ppr,1,2,3,2,2,0,0,8,5,1080,1,2022,2022
10,21,ppr,1,2,2,1,2,0,0,12,5,1050,2,2024,2025
14,15,half_ppr,1,2,2,1,1,1,1,6,5,1050,2,2020,2021
14,15,ppr,1,2,2,1,3,0,0,6,5,1050,4,2020,2025
12,17,ppr,1,2,2,1,1,0,0,10,5,1020,2,2023,2025
12,17,ppr,1,2,3,1,3,0,0,0,5,1020,1,2021,2021
10,20,ppr,1,2,2,1,3,0,1,10,5,1000,4,2021,2024
14,14,ppr,1,2,2,1,2,0,1,5,5,980,4,2021,2025
12,16,ppr,1,2,2,1,2,1,0,7,5,960,3,2022,2025
12,16,ppr,1,2,2,1,2,1,1,1,5,960,2,2022,2024
12,16,ppr,1,2,4,1,2,0,0,6,5,960,1,2023,2023
14,13,ppr,1,2,2,1,1,0,0,6,5,910,3,2021,2025
10,18,half_ppr,1,2,2,1,2,0,0,10,5,900,4,2021,2024
12,15,ppr,1,2,2,1,0,1,1,0,5,900,1,2023,2023
12,15,ppr,1,2,2,1,1,1,1,5,5,900,4,2020,2025
12,14,ppr,1,2,2,1,1,0,0,5,5,840,3,2021,2025
10,16,half_ppr,1,2,2,1,3,0,0,7,5,800,3,2020,2022
10,16,half_ppr,1,2,3,1,2,0,1,6,5,800,4,2020,2023
10,16,half_ppr,1,2,3,1,2,1,1,5,5,800,3,2020,2023
10,16,ppr,1,1,1,1,3,1,1,7,5,800,5,2021,2025
10,16,ppr,1,2,2,1,1,0,1,7,5,800,3,2020,2024
10,16,ppr,1,2,2,1,1,1,1,6,5,800,4,2020,2025
10,16,ppr,1,2,2,1,2,0,0,7,5,800,1,2022,2022
10,16,ppr,1,2,3,1,1,0,0,8,5,800,3,2021,2024
10,16,std,1,2,2,1,1,1,1,7,5,800,4,2021,2025
12,13,half_ppr,1,2,2,1,1,0,0,0,5,780,2,2020,2021
12,13,ppr,1,2,2,1,3,0,0,4,5,779,4,2020,2024
8,19,ppr,1,2,3,1,2,0,0,10,5,760,4,2020,2023
10,15,half_ppr,1,2,2,1,3,0,0,6,5,750,3,2021,2025
10,15,ppr,1,2,2,1,2,1,0,6,5,750,4,2020,2025
10,15,ppr,1,2,3,1,3,0,0,5,5,750,2,2024,2025
10,15,std,1,2,2,1,1,1,1,6,5,750,3,2020,2022
8,15,ppr,1,2,2,1,1,1,1,0,5,600,2,2021,2022
8,15,ppr,1,2,2,1,2,0,0,7,5,600,4,2020,2025
8,15,ppr,1,2,3,1,2,0,1,5,5,600,4,2020,2023
12,26,ppr,1,2,2,1,4,0,0,16,4,1248,2,2021,2023
12,26,ppr,1,2,2,1,5,0,0,15,4,1248,2,2021,2022
12,24,half_ppr,1,2,2,1,3,0,0,15,4,1152,3,2022,2024
14,20,half_ppr,1,2,3,1,3,0,0,10,4,1120,2,2022,2023
10,28,ppr,1,2,2,1,6,0,0,16,4,1119,1,2021,2021
12,23,half_ppr,1,2,3,1,2,0,0,14,4,1104,3,2023,2025
14,19,ppr,1,2,2,1,2,0,0,11,4,1064,2,2022,2024
14,19,ppr,1,2,3,1,2,0,0,10,4,1064,3,2020,2025
12,21,ppr,1,2,2,1,2,0,1,12,4,1008,3,2022,2024
12,21,ppr,1,2,3,1,2,1,1,10,4,1008,3,2022,2025
14,18,ppr,1,2,2,1,2,1,1,8,4,1008,3,2020,2025
14,18,ppr,1,2,2,1,3,0,0,9,4,1008,2,2021,2024
10,25,ppr,1,2,2,1,4,0,0,15,4,1000,1,2022,2022
10,24,ppr,1,3,3,1,4,1,1,10,4,960,4,2020,2023
12,20,ppr,1,2,3,1,1,0,0,11,4,960,1,2021,2021
12,19,ppr,1,2,3,1,2,1,1,8,4,911,2,2024,2025
14,16,half_ppr,1,2,2,1,2,1,1,6,4,896,3,2021,2024
14,16,ppr,1,2,2,1,2,0,0,8,4,896,3,2020,2025
10,22,half_ppr,1,2,2,1,3,1,0,12,4,880,3,2023,2025
10,22,ppr,1,2,3,1,3,1,1,10,4,880,1,2020,2020
12,18,ppr,1,2,3,1,2,0,1,8,4,864,3,2020,2022
12,18,ppr,1,2,3,1,3,0,0,0,4,864,2,2021,2024
12,18,std,1,2,3,1,1,0,0,10,4,864,4,2020,2025
12,17,ppr,1,2,3,1,1,0,1,8,4,816,4,2020,2023
12,17,std,1,2,3,1,3,0,0,7,4,816,3,2022,2025
10,20,half_ppr,1,2,2,1,2,1,1,10,4,800,3,2020,2025
10,20,half_ppr,1,2,3,1,1,0,0,12,4,800,2,2023,2024
10,20,half_ppr,1,2,3,1,2,0,0,11,4,800,3,2023,2025
14,14,half_ppr,1,2,2,1,2,0,0,6,4,784,2,2023,2025
14,14,half_ppr,1,2,2,1,2,0,1,5,4,784,4,2022,2025
14,14,half_ppr,1,2,3,1,2,0,0,5,4,784,3,2022,2024
12,16,half_ppr,1,2,3,1,1,0,1,7,4,768,4,2020,2023
12,16,half_ppr,1,2,3,1,3,0,0,6,4,768,4,2021,2025
12,16,ppr,1,2,2,1,1,0,0,8,4,768,3,2022,2024
12,16,std,1,2,2,1,2,1,1,6,4,768,4,2020,2025
10,19,half_ppr,1,2,2,1,3,0,0,10,4,760,2,2021,2025
10,19,ppr,1,2,2,1,3,1,1,8,4,760,3,2020,2023
10,18,half_ppr,1,1,1,1,0,1,1,8,4,720,4,2022,2025
10,18,half_ppr,1,2,3,1,1,0,0,10,4,720,2,2021,2022
10,18,half_ppr,1,2,3,1,2,1,1,7,4,720,3,2020,2025
12,15,half_ppr,1,2,2,1,1,0,1,6,4,720,2,2024,2025
12,15,ppr,1,2,2,1,0,0,0,6,4,720,4,2020,2024
12,15,ppr,1,2,2,1,2,0,0,6,4,720,3,2021,2024
12,15,std,1,2,2,1,2,0,0,7,4,720,3,2023,2025
12,15,std,1,2,3,1,1,0,1,6,4,720,3,2020,2025
10,17,half_ppr,1,2,2,1,2,0,0,9,4,680,2,2022,2023
10,17,half_ppr,1,2,2,1,3,0,1,7,4,680,3,2022,2025
10,17,ppr,1,2,3,1,1,0,0,9,4,680,2,2021,2022
8,21,ppr,1,2,2,1,3,1,1,10,4,672,2,2022,2025
12,14,ppr,1,2,2,1,2,0,0,5,4,672,3,2021,2025
12,14,ppr,1,2,3,1,1,1,1,4,4,672,3,2023,2025
10,16,ppr,1,2,2,1,2,0,0,6,4,641,3,2021,2024
10,16,half_ppr,1,2,2,1,2,0,1,7,4,640,3,2020,2022
10,16,ppr,1,2,2,1,3,1,0,6,4,640,3,2021,2025
10,15,ppr,1,2,2,1,2,1,1,7,4,600,3,2022,2024
10,15,ppr,1,2,3,1,1,0,0,7,4,600,3,2021,2025
10,15,ppr,1,2,3,1,1,0,1,6,4,600,4,2022,2025
8,18,ppr,1,2,2,1,2,0,0,10,4,576,4,2020,2024
10,14,half_ppr,1,2,3,1,2,0,0,5,4,560,3,2020,2022
10,14,ppr,1,2,2,1,1,0,0,5,4,560,3,2021,2025
10,14,ppr,1,2,2,1,1,0,0,7,4,560,1,2023,2023
10,14,ppr,1,2,2,1,2,1,0,0,4,560,1,2024,2024
10,14,ppr,1,2,3,1,1,0,1,5,4,560,3,2021,2023
8,17,half_ppr,1,2,3,1,2,1,1,6,4,544,3,2021,2025
8,17,ppr,1,2,2,2,2,1,1,6,4,544,3,2023,2025
8,17,ppr,1,2,3,1,2,1,1,6,4,544,3,2020,2024
8,16,half_ppr,1,2,2,1,1,1,1,7,4,512,2,2020,2021
8,16,half_ppr,1,2,2,1,2,1,1,6,4,512,2,2021,2022
8,16,ppr,1,2,3,1,2,0,1,6,4,512,1,2021,2021
8,15,ppr,1,2,2,1,2,0,1,6,4,480,2,2021,2023
8,15,ppr,1,2,3,1,1,1,1,5,4,480,2,2020,2021
10,12,ppr,1,2,2,1,1,0,0,5,4,480,3,2022,2025
8,14,half_ppr,1,2,2,1,1,1,1,5,4,448,4,2020,2023
12,28,ppr,1,2,2,1,2,1,1,18,3,1008,2,2021,2022
12,27,ppr,1,2,2,1,1,0,0,18,3,972,1,2025,2025
12,27,ppr,1,2,3,1,4,0,0,16,3,972,1,2024,2024
12,25,ppr,1,2,3,1,2,0,0,16,3,900,3,2021,2023
12,25,ppr,1,2,3,1,4,0,0,14,3,900,2,2023,2025
14,21,ppr,1,2,2,1,3,0,0,12,3,882,2,2024,2025
12,24,ppr,1,2,2,1,2,0,0,16,3,864,3,2021,2025
12,24,ppr,1,2,2,1,4,0,0,14,3,864,3,2021,2025
12,24,ppr,1,2,3,1,2,0,0,14,3,864,2,2022,2025
12,24,ppr,1,2,3,1,4,0,0,13,3,864,1,2021,2021
14,20,ppr,1,2,3,1,1,1,1,10,3,840,2,2021,2022
12,23,half_ppr,1,2,3,1,4,0,0,12,3,828,1,2025,2025
12,22,half_ppr,1,2,2,1,3,0,0,13,3,792,2,2023,2025
12,22,half_ppr,1,2,3,1,3,0,0,12,3,792,2,2022,2024
12,22,ppr,1,2,2,1,2,0,0,12,3,792,1,2021,2021
12,22,ppr,1,2,3,1,2,0,0,12,3,792,3,2023,2025
10,26,ppr,1,1,3,1,2,0,0,18,3,780,3,2021,2025
12,21,half_ppr,1,2,3,1,1,0,0,11,3,756,1,2025,2025
12,21,ppr,1,2,2,1,1,1,1,12,3,756,2,2022,2023
12,21,ppr,1,2,2,1,3,1,1,10,3,756,2,2020,2023
14,18,half_ppr,1,2,3,1,2,0,0,9,3,756,3,2022,2024
14,18,ppr,1,2,2,1,2,0,0,10,3,756,2,2023,2025
14,18,ppr,1,2,3,1,2,0,0,9,3,756,3,2021,2025
10,24,ppr,1,2,2,1,5,0,0,12,3,720,1,2023,2023
10,24,ppr,1,2,2,1,5,0,0,13,3,720,2,2021,2023
12,20,ppr,1,2,3,1,3,1,1,8,3,720,3,2022,2025
12,20,ppr,1,2,3,1,4,0,0,9,3,720,3,2021,2025
14,17,ppr,1,2,3,1,1,1,1,7,3,714,2,2020,2024
10,23,ppr,1,2,2,1,2,0,0,15,3,690,3,2022,2025
10,23,ppr,1,2,2,1,4,0,1,12,3,690,2,2023,2024
12,19,ppr,1,2,2,1,2,0,1,10,3,684,2,2021,2024
12,19,ppr,1,2,3,2,4,0,0,7,3,684,1,2025,2025
14,16,ppr,1,1,2,0,3,1,1,7,3,672,3,2020,2022
10,22,ppr,1,2,2,1,2,0,0,14,3,660,2,2021,2023
10,22,ppr,1,2,2,1,5,0,0,11,3,660,2,2022,2023
12,18,half_ppr,1,2,2,1,2,0,1,9,3,648,3,2020,2025
12,18,half_ppr,1,2,3,1,3,0,0,8,3,648,3,2022,2024
12,18,ppr,1,2,2,1,1,0,0,11,3,648,1,2022,2022
12,18,ppr,1,2,2,1,2,0,1,9,3,648,2,2020,2022
12,18,ppr,1,2,3,1,3,0,1,7,3,648,2,2023,2024
12,17,ppr,1,2,2,1,2,0,0,7,3,612,2,2020,2023
12,17,std,1,2,3,1,2,1,1,6,3,612,2,2024,2025
14,14,half_ppr,1,2,3,1,1,0,0,6,3,588,3,2020,2022
14,14,ppr,1,2,3,1,1,0,0,6,3,588,3,2022,2025
12,16,half_ppr,1,2,2,1,2,1,0,7,3,576,2,2024,2025
12,16,half_ppr,1,2,2,1,3,0,0,7,3,576,2,2020,2025
12,16,ppr,1,2,2,1,1,1,1,0,3,576,2,2021,2023
10,19,ppr,1,2,3,1,3,0,0,9,3,570,2,2022,2024
14,13,half_ppr,1,2,2,1,1,1,1,4,3,546,3,2020,2022
10,18,half_ppr,1,2,3,1,2,0,0,9,3,540,1,2024,2024
10,18,ppr,1,2,2,1,2,0,1,9,3,540,2,2020,2021
12,15,half_ppr,1,2,2,1,1,1,1,0,3,540,2,2020,2021
12,15,ppr,1,2,2,1,1,0,1,7,3,540,2,2020,2022
12,15,ppr,1,2,2,1,2,0,1,0,3,540,2,2021,2022
12,15,ppr,1,2,2,1,2,1,1,7,3,540,3,2021,2025
12,15,std,1,2,3,1,2,0,0,6,3,540,3,2020,2023
8,22,ppr,1,2,2,1,2,1,1,12,3,528,2,2020,2024
10,17,half_ppr,1,2,2,1,1,1,1,8,3,510,3,2021,2025
10,17,half_ppr,1,2,3,1,1,1,1,7,3,510,3,2020,2022
10,17,half_ppr,1,2,3,1,2,0,0,8,3,510,3,2020,2023
10,17,half_ppr,1,2,3,1,2,0,1,7,3,510,3,2021,2025
10,17,ppr,1,2,2,1,3,1,0,7,3,510,3,2021,2023
10,17,ppr,1,2,3,1,2,1,0,7,3,510,3,2023,2025
10,17,ppr,1,2,3,1,3,0,1,6,3,510,2,2020,2025
10,17,std,1,2,3,1,1,1,1,7,3,510,3,2020,2023
12,14,half_ppr,1,2,2,1,2,0,0,0,3,504,2,2022,2023
12,14,ppr,1,2,2,1,3,0,0,0,3,504,1,2021,2021
12,14,ppr,1,2,3,1,0,0,0,5,3,504,3,2022,2025
12,14,ppr,1,2,3,1,0,0,1,6,3,504,1,2022,2022
12,14,std,1,2,2,1,1,1,1,5,3,504,2,2023,2025
8,20,ppr,1,2,2,1,2,0,0,12,3,480,3,2023,2025
8,20,ppr,1,2,2,1,3,1,1,9,3,480,3,2021,2025
10,16,half_ppr,1,2,2,1,2,0,0,8,3,480,2,2021,2022
10,16,half_ppr,1,2,2,1,3,0,1,6,3,480,2,2021,2024
10,16,ppr,1,2,2,1,1,0,0,7,3,480,1,2023,2023
10,16,ppr,1,2,2,1,1,0,1,6,3,480,2,2024,2025
12,13,half_ppr,1,2,2,1,1,1,1,4,3,468,3,2022,2025
12,13,ppr,1,1,2,1,2,0,1,5,3,468,3,2023,2025
12,13,ppr,1,1,2,1,3,0,0,5,3,468,2,2024,2025
12,13,ppr,1,2,2,1,1,1,0,5,3,468,2,2024,2025
10,15,half_ppr,1,2,3,1,1,0,1,6,3,450,2,2020,2023
10,15,half_ppr,1,2,3,1,1,1,1,5,3,450,2,2021,2022
10,15,ppr,1,2,2,1,1,1,1,5,3,450,2,2022,2023
10,15,ppr,1,2,2,1,4,0,0,5,3,450,3,2021,2025
10,15,std,1,2,2,1,0,1,1,6,3,450,3,2020,2025
10,15,ppr,1,2,2,1,1,0,1,7,3,449,3,2020,2022
8,18,ppr,1,2,2,1,3,1,1,7,3,432,3,2021,2025
8,18,ppr,1,2,3,1,3,1,1,6,3,432,3,2021,2024
12,12,ppr,1,2,2,1,2,0,0,4,3,432,2,2021,2023
10,14,half_ppr,1,2,2,1,1,0,1,6,3,420,3,2020,2022
10,14,half_ppr,1,2,2,1,3,0,0,5,3,420,2,2022,2024
10,14,ppr,1,2,3,1,1,1,1,4,3,420,3,2022,2024
8,17,ppr,1,2,2,1,1,0,0,10,3,408,1,2025,2025
8,17,ppr,1,2,3,1,2,1,0,7,3,408,2,2024,2025
10,13,half_ppr,1,2,2,0,1,0,0,6,3,390,1,2021,2021
10,13,ppr,1,2,2,1,0,1,1,5,3,390,1,2020,2020
10,13,ppr,1,2,2,1,1,1,1,4,3,390,3,2023,2025
8,16,ppr,1,2,2,1,3,0,1,6,3,384,2,2020,2025
8,16,ppr,1,2,2,1,3,1,1,5,3,384,2,2021,2023
8,16,ppr,1,2,2,1,4,0,0,6,3,384,2,2023,2024
8,16,std,1,2,2,1,1,1,1,7,3,384,2,2022,2023
8,15,half_ppr,1,2,2,1,3,0,0,6,3,360,3,2023,2025
8,15,ppr,1,2,2,1,4,0,0,5,3,360,2,2021,2023
10,12,ppr,1,2,2,1,1,0,0,0,3,360,2,2022,2023
8,14,ppr,1,2,2,1,1,1,1,0,3,336,1,2021,2021
14,40,ppr,1,2,3,1,5,0,0,28,2,1120,1,2024,2024
12,39,ppr,1,2,3,1,6,0,0,26,2,936,1,2025,2025
12,35,half_ppr,1,2,3,1,2,0,0,26,2,840,2,2022,2023
12,32,ppr,1,2,3,1,4,0,0,21,2,768,1,2023,2023
12,30,ppr,1,2,3,1,1,0,0,22,2,718,2,2021,2022
12,28,ppr,1,2,2,1,5,0,0,17,2,672,1,2023,2023
12,27,ppr,1,2,2,1,4,0,0,17,2,648,1,2025,2025
12,26,ppr,1,2,2,1,1,0,0,17,2,624,1,2025,2025
12,26,ppr,1,2,3,1,2,0,0,17,2,624,2,2022,2023
10,30,ppr,1,2,2,1,4,0,0,20,2,600,1,2022,2022
10,30,ppr,1,3,1,1,6,0,0,18,2,600,2,2021,2025
12,25,ppr,1,2,2,1,5,0,0,14,2,600,1,2023,2023
12,25,ppr,1,2,3,1,1,0,0,17,2,600,1,2024,2024
12,25,ppr,1,2,3,1,1,1,1,15,2,600,2,2023,2024
14,21,ppr,1,2,3,1,2,0,0,12,2,588,2,2020,2021
14,21,ppr,1,2,3,1,3,0,0,11,2,588,2,2021,2022
12,24,ppr,1,0,0,0,7,0,0,16,2,576,1,2022,2022
12,24,ppr,1,2,2,1,2,0,0,15,2,576,1,2023,2023
12,24,ppr,1,2,2,1,2,1,1,14,2,576,2,2022,2023
12,24,ppr,1,2,2,1,3,0,0,14,2,576,2,2022,2025
12,24,ppr,1,2,2,1,5,0,0,12,2,576,1,2023,2023
12,24,ppr,1,2,2,1,5,0,0,13,2,576,2,2021,2025
14,20,ppr,1,2,2,1,2,0,0,12,2,560,2,2022,2023
14,20,ppr,1,2,3,1,1,0,0,12,2,560,1,2023,2023
14,20,ppr,1,2,3,2,2,0,0,10,2,560,2,2020,2024
12,23,ppr,1,2,2,1,2,0,1,14,2,552,2,2023,2025
10,27,ppr,1,2,2,1,6,0,0,15,2,540,1,2021,2021
14,19,ppr,1,2,3,1,2,1,1,6,2,532,1,2022,2022
14,19,ppr,1,2,3,1,2,1,1,8,2,532,2,2020,2023
12,22,half_ppr,1,2,3,1,1,0,0,14,2,528,2,2024,2025
12,22,ppr,1,1,1,1,5,0,0,13,2,528,1,2024,2024
12,22,ppr,1,2,2,1,2,1,1,12,2,528,2,2023,2025
12,22,ppr,1,2,2,2,3,0,0,12,2,528,1,2021,2021
12,22,ppr,1,2,3,1,1,0,0,13,2,528,2,2021,2022
12,22,ppr,1,2,3,1,1,0,0,14,2,528,2,2023,2024
12,22,ppr,1,2,3,1,2,1,0,12,2,528,1,2022,2022
12,22,std,1,0,0,0,9,0,0,12,2,528,2,2024,2025
10,26,ppr,1,2,2,1,4,0,0,16,2,520,2,2021,2024
10,26,ppr,1,2,2,1,5,0,0,15,2,520,1,2021,2021
10,26,ppr,1,2,3,1,3,0,0,16,2,520,2,2024,2025
10,26,ppr,1,2,3,2,3,0,0,15,2,520,2,2021,2022
12,21,ppr,1,2,2,1,4,0,0,11,2,504,2,2022,2023
12,21,ppr,1,2,2,1,5,0,0,10,2,504,2,2021,2022
12,21,ppr,1,2,3,1,1,0,0,12,2,504,2,2021,2023
12,21,ppr,1,2,3,1,1,0,0,13,2,504,2,2023,2025
14,18,half_ppr,1,2,3,1,1,0,0,10,2,504,2,2024,2025
14,18,ppr,1,2,2,1,4,0,0,8,2,504,2,2022,2025
10,25,half_ppr,1,2,2,1,4,0,0,15,2,500,1,2022,2022
10,25,half_ppr,1,2,3,1,1,0,0,17,2,500,2,2024,2025
10,25,half_ppr,1,2,3,1,4,0,0,14,2,500,1,2025,2025
10,25,ppr,1,1,1,1,5,0,0,16,2,500,2,2023,2025
10,25,ppr,1,2,2,1,2,1,1,15,2,500,2,2022,2024
10,25,ppr,1,2,2,1,3,0,0,16,2,500,2,2024,2025
10,25,ppr,1,2,2,1,5,0,0,14,2,500,1,2021,2021
10,24,half_ppr,1,2,2,1,2,0,0,16,2,480,2,2024,2025
10,24,ppr,1,2,2,1,3,1,1,13,2,480,2,2024,2025
10,24,ppr,1,2,3,1,4,0,0,13,2,480,2,2021,2025
10,24,ppr,1,2,3,1,5,0,0,12,2,480,1,2022,2022
12,20,half_ppr,1,2,2,1,3,0,0,11,2,480,1,2021,2021
12,20,half_ppr,1,2,2,1,4,0,0,10,2,480,2,2022,2023
12,20,half_ppr,1,2,2,1,5,0,0,9,2,480,2,2022,2025
12,20,half_ppr,1,2,3,1,3,1,1,8,2,480,1,2021,2021
12,20,ppr,1,0,0,0,7,0,0,12,2,480,2,2022,2023
12,20,ppr,1,0,0,0,7,1,1,10,2,480,2,2022,2023
12,20,ppr,1,2,2,0,3,0,0,11,2,480,1,2023,2023
12,20,ppr,1,2,2,1,1,0,0,11,2,480,1,2023,2023
12,20,ppr,1,2,2,1,3,0,0,10,2,480,1,2022,2022
12,20,ppr,1,2,2,1,3,1,1,9,2,480,2,2024,2025
12,20,ppr,1,2,3,0,3,0,0,11,2,480,2,2021,2023
12,20,ppr,1,2,3,1,1,1,1,10,2,480,2,2023,2025
12,20,ppr,1,2,3,2,2,0,0,10,2,480,1,2021,2021
14,17,ppr,1,2,2,1,2,1,0,8,2,476,2,2024,2025
14,17,ppr,1,2,3,1,2,0,0,8,2,476,1,2021,2021
14,17,ppr,1,2,3,1,2,0,1,7,2,476,2,2020,2021
14,17,ppr,1,2,3,1,2,1,1,6,2,476,2,2021,2025
14,17,ppr,1,2,3,1,3,0,0,7,2,476,2,2021,2022
10,23,half_ppr,1,2,3,1,2,0,0,14,2,460,1,2023,2023
10,23,ppr,1,2,4,1,4,0,0,11,2,460,1,2022,2022
12,19,ppr,1,1,1,1,5,0,0,10,2,456,1,2022,2022
12,19,ppr,1,1,2,1,4,0,0,10,2,456,2,2024,2025
12,19,ppr,1,2,3,1,5,0,0,7,2,456,1,2024,2024
14,16,half_ppr,1,2,2,1,3,0,0,7,2,448,1,2022,2022
14,16,ppr,1,2,2,1,3,0,0,7,2,448,1,2021,2021
14,16,ppr,1,2,3,1,1,1,1,6,2,448,1,2022,2022
14,16,ppr,1,2,3,1,2,0,0,7,2,448,2,2020,2021
10,22,half_ppr,1,2,2,1,3,0,0,13,2,440,1,2024,2024
10,22,ppr,1,1,1,1,5,0,0,13,2,440,2,2022,2023
10,22,ppr,1,2,3,1,4,0,0,11,2,440,2,2022,2023
12,18,half_ppr,1,2,2,1,1,1,1,9,2,432,2,2024,2025
12,18,half_ppr,1,2,2,1,4,0,0,8,2,432,1,2020,2020
12,18,half_ppr,1,2,3,0,2,1,1,8,2,432,2,2022,2023
12,18,half_ppr,1,2,3,1,1,0,0,0,2,432,2,2022,2023
12,18,half_ppr,1,2,3,1,2,1,1,7,2,432,2,2022,2023
12,18,ppr,1,2,2,1,1,0,0,9,2,432,2,2022,2025
12,18,ppr,1,2,3,1,3,1,0,7,2,432,2,2022,2023
12,18,std,1,2,2,1,3,0,0,9,2,432,2,2022,2024
10,21,ppr,1,2,2,1,2,0,1,12,2,420,2,2023,2024
10,21,ppr,1,2,3,1,1,0,0,13,2,420,2,2020,2025
10,21,ppr,1,2,3,1,2,1,1,0,2,420,1,2021,2021
10,21,ppr,1,3,3,1,3,0,0,10,2,420,1,2021,2021
14,15,half_ppr,1,2,2,1,0,1,1,6,2,420,2,2022,2023
14,15,half_ppr,1,2,3,1,1,1,1,5,2,420,1,2022,2022
14,15,half_ppr,1,2,3,1,2,0,0,6,2,420,2,2021,2023
14,15,ppr,1,2,2,1,2,0,1,6,2,420,2,2021,2022
14,15,ppr,1,2,3,1,1,0,0,7,2,420,1,2020,2020
14,15,ppr,1,2,3,1,2,0,1,5,2,420,2,2020,2025
12,17,half_ppr,1,1,2,1,5,0,1,6,2,408,1,2022,2022
12,17,half_ppr,1,2,2,1,3,0,0,8,2,408,2,2020,2023
12,17,half_ppr,1,2,2,1,3,1,1,6,2,408,2,2020,2021
12,17,half_ppr,1,2,3,1,3,0,0,7,2,408,2,2024,2025
12,17,half_ppr,1,2,4,1,2,0,0,7,2,408,1,2022,2022
12,17,ppr,1,2,2,1,1,0,0,8,2,408,2,2021,2023
12,17,ppr,1,2,2,1,2,2,1,6,2,408,2,2022,2023
12,17,ppr,1,2,2,1,3,1,0,7,2,408,1,2022,2022
12,17,ppr,1,2,3,1,3,0,1,6,2,408,1,2020,2020
12,17,std,1,2,2,1,1,1,1,8,2,408,2,2020,2025
12,17,std,1,2,2,1,2,1,1,7,2,408,2,2021,2022
10,20,ppr,1,1,1,0,6,0,0,11,2,400,1,2022,2022
10,20,ppr,1,2,2,1,2,0,1,11,2,400,1,2021,2021
10,20,ppr,1,2,2,1,4,1,1,8,2,400,1,2023,2023
10,20,ppr,1,2,3,1,2,0,0,10,2,400,2,2021,2025
10,20,ppr,1,2,3,1,2,0,1,10,2,400,2,2020,2022
10,20,ppr,1,3,3,1,2,1,1,8,2,400,2,2024,2025
10,20,std,1,2,3,1,1,0,0,10,2,400,1,2022,2022
14,14,half_ppr,1,2,2,0,1,0,1,5,2,392,2,2021,2022
14,14,half_ppr,1,2,2,0,2,1,1,5,2,392,1,2020,2020
14,14,half_ppr,1,2,2,1,2,1,1,4,2,392,2,2024,2025
14,14,half_ppr,1,2,3,0,1,0,0,6,2,392,2,2024,2025
14,14,ppr,1,2,2,1,2,1,1,4,2,392,2,2023,2025
8,24,ppr,1,2,2,1,2,0,1,15,2,384,2,2024,2025
12,16,half_ppr,1,2,2,1,0,1,1,7,2,384,2,2021,2025
12,16,half_ppr,1,2,2,1,1,0,1,7,2,384,1,2021,2021
12,16,half_ppr,1,2,3,0,2,0,0,7,2,384,2,2021,2025
12,16,half_ppr,1,2,3,1,1,0,0,7,2,384,2,2023,2024
12,16,ppr,1,1,1,1,5,0,0,7,2,384,1,2025,2025
12,16,ppr,1,2,2,1,0,1,1,6,2,384,2,2021,2025
12,16,ppr,1,2,2,1,1,0,0,9,2,384,2,2021,2025
12,16,ppr,1,2,2,1,1,0,1,7,2,384,2,2020,2021
12,16,ppr,1,2,2,1,2,0,0,7,2,384,2,2020,2022
12,16,ppr,1,2,2,1,2,1,1,5,2,384,1,2022,2022
12,16,ppr,1,2,3,1,2,0,0,0,2,384,2,2023,2025
12,16,std,1,2,3,1,0,1,1,7,2,384,2,2022,2024
12,16,std,1,2,3,1,2,1,1,5,2,384,2,2021,2024
10,19,half_ppr,1,2,2,1,2,0,0,11,2,380,2,2020,2021
10,19,half_ppr,1,2,3,1,2,0,0,10,2,380,1,2022,2022
10,19,ppr,1,2,2,1,2,0,0,11,2,380,1,2024,2024
10,19,ppr,1,2,2,1,2,0,1,10,2,380,2,2021,2022
10,19,ppr,1,2,2,1,2,1,1,9,2,380,2,2021,2022
10,19,ppr,1,2,2,1,4,0,0,9,2,380,2,2021,2025
10,19,ppr,1,2,3,1,1,1,1,9,2,379,2,2020,2022
14,13,half_ppr,1,2,2,1,3,0,0,4,2,364,1,2025,2025
14,13,ppr,1,2,2,1,1,0,1,5,2,364,2,2022,2025
14,13,ppr,1,2,2,1,3,0,0,4,2,364,1,2025,2025
14,13,std,1,2,2,1,2,0,0,5,2,364,2,2023,2024
10,18,half_ppr,1,2,2,1,1,1,1,9,2,360,2,2021,2025
10,18,ppr,1,2,2,1,1,1,1,9,2,360,2,2021,2024
10,18,ppr,1,2,2,1,2,0,0,8,2,360,1,2021,2021
10,18,ppr,1,2,3,1,1,0,1,9,2,360,2,2020,2021
10,18,ppr,1,2,3,1,4,0,0,7,2,360,1,2023,2023
10,18,ppr,1,3,3,1,2,1,1,6,2,360,2,2021,2024
10,18,std,1,2,2,1,2,0,0,10,2,360,1,2025,2025
12,15,half_ppr,1,2,2,0,4,0,1,5,2,360,2,2024,2025
12,15,half_ppr,1,2,2,1,1,0,1,7,2,360,1,2020,2020
12,15,half_ppr,1,2,3,1,0,1,1,6,2,360,2,2021,2022
12,15,half_ppr,1,2,3,1,1,0,0,7,2,360,2,2021,2022
12,15,ppr,1,1,2,1,3,1,1,5,2,360,2,2024,2025
12,15,ppr,1,2,2,1,0,1,1,5,2,360,2,2020,2021
12,15,ppr,1,2,2,1,1,0,0,6,2,360,2,2022,2023
12,15,ppr,1,2,2,1,1,1,0,7,2,360,2,2021,2023
12,15,ppr,1,2,2,1,2,0,0,0,2,360,1,2022,2022
12,15,ppr,1,2,2,1,2,0,1,5,2,360,2,2021,2022
12,15,ppr,1,2,2,1,3,0,0,0,2,360,1,2021,2021
12,15,ppr,1,3,3,1,2,0,0,5,2,360,1,2023,2023
12,15,std,1,2,3,1,0,1,1,6,2,360,2,2020,2021
8,22,half_ppr,1,2,3,1,2,0,1,12,2,352,1,2022,2022
8,22,ppr,1,2,3,1,3,1,1,10,2,352,1,2021,2021
10,17,half_ppr,1,2,2,1,3,0,0,8,2,340,2,2020,2021
10,17,half_ppr,1,2,3,1,2,1,1,6,2,340,2,2020,2023
10,17,ppr,1,2,2,1,2,0,0,7,2,340,1,2024,2024
10,17,ppr,1,2,2,1,2,0,0,8,2,340,2,2022,2024
10,17,ppr,1,2,2,1,2,1,0,8,2,340,2,2024,2025
10,17,ppr,1,2,3,0,3,0,0,8,2,340,1,2023,2023
10,17,ppr,1,2,3,1,2,0,0,0,2,340,2,2021,2022
10,17,ppr,1,3,3,1,3,0,0,6,2,340,2,2020,2025
12,14,half_ppr,1,1,3,2,2,0,0,5,2,336,1,2023,2023
12,14,half_ppr,1,2,2,1,1,0,0,7,2,336,2,2020,2025
12,14,half_ppr,1,2,2,1,1,0,1,4,2,336,2,2021,2022
12,14,half_ppr,1,2,2,1,1,1,1,4,2,336,2,2022,2023
12,14,half_ppr,1,2,2,1,1,1,1,6,2,336,1,2022,2022
12,14,half_ppr,1,2,2,1,2,1,1,4,2,336,2,2022,2024
12,14,half_ppr,1,2,3,1,1,0,1,0,2,336,1,2022,2022
12,14,ppr,1,2,2,1,1,1,0,5,2,336,2,2023,2024
12,14,ppr,1,2,2,1,2,0,0,0,2,336,2,2021,2024
12,14,std,1,2,2,1,2,0,1,5,2,336,2,2020,2021
14,12,ppr,1,2,2,1,3,0,0,3,2,336,1,2025,2025
8,20,ppr,1,2,2,1,4,0,0,10,2,320,2,2021,2025
8,20,ppr,1,2,3,1,2,0,0,11,2,320,2,2021,2024
10,16,half_ppr,1,2,2,1,2,1,0,7,2,320,2,2024,2025
10,16,ppr,1,2,2,1,0,1,1,6,2,320,2,2023,2024
10,16,ppr,1,2,2,1,1,0,0,8,2,320,2,2022,2023
10,16,ppr,1,2,2,1,2,1,1,0,2,320,1,2022,2022
10,16,ppr,1,2,2,1,3,0,0,6,2,320,1,2023,2023
10,16,ppr,1,2,3,1,1,0,0,6,2,320,2,2021,2023
10,16,ppr,1,2,3,1,2,0,0,0,2,320,2,2021,2022
10,16,ppr,1,2,3,1,2,1,0,6,2,320,2,2024,2025
12,13,half_ppr,1,2,2,1,1,0,0,6,2,312,2,2022,2023
12,13,half_ppr,1,2,2,1,2,0,0,0,2,312,2,2023,2025
12,13,ppr,1,2,2,1,2,0,1,4,2,312,2,2020,2022
12,13,ppr,1,2,3,1,1,0,0,0,2,312,1,2021,2021
12,13,ppr,1,2,3,1,2,0,0,4,2,312,2,2022,2023
8,19,ppr,1,2,2,1,3,0,0,10,2,304,2,2023,2025
10,15,half_ppr,1,2,2,1,1,0,1,6,2,300,2,2022,2024
10,15,half_ppr,1,2,2,1,1,1,0,7,2,300,2,2020,2021
10,15,half_ppr,1,2,2,1,3,1,0,5,2,300,1,2023,2023
10,15,ppr,1,1,1,1,2,0,0,9,2,300,1,2021,2021
10,15,ppr,1,2,2,1,1,0,0,8,2,300,2,2021,2022
10,15,ppr,1,2,2,1,1,0,1,0,2,300,1,2021,2021
10,15,ppr,1,2,2,1,1,0,1,6,2,300,2,2021,2022
10,15,ppr,1,2,2,1,1,1,1,0,2,300,2,2021,2025
10,15,ppr,1,2,2,1,2,0,0,5,2,300,1,2021,2021
10,15,ppr,1,2,2,1,2,0,1,5,2,300,2,2020,2024
10,15,ppr,1,2,2,1,2,1,1,8,2,300,2,2020,2023
10,15,ppr,1,2,2,1,3,1,0,5,2,300,2,2022,2023
10,15,ppr,1,2,2,2,2,2,0,4,2,300,1,2021,2021
10,15,ppr,1,2,3,1,0,0,0,6,2,300,2,2022,2023
8,19,ppr,1,2,2,1,2,1,1,9,2,296,2,2021,2025
8,18,ppr,1,3,3,1,3,0,0,7,2,288,2,2021,2023
12,12,half_ppr,1,2,2,1,1,0,0,5,2,288,2,2023,2025
12,12,half_ppr,1,2,3,1,1,0,0,4,2,288,2,2022,2023
12,12,ppr,1,2,2,1,1,0,0,0,2,288,2,2022,2023
12,12,ppr,1,2,2,1,2,1,1,2,2,288,2,2021,2024
10,14,half_ppr,1,1,2,1,1,0,0,6,2,280,2,2020,2023
10,14,half_ppr,1,2,2,1,1,0,0,6,2,280,2,2020,2021
10,14,half_ppr,1,2,2,2,2,0,0,5,2,280,2,2022,2023
10,14,half_ppr,1,2,3,1,1,0,1,5,2,280,2,2020,2021
10,14,ppr,1,1,1,1,1,0,0,7,2,280,2,2022,2023
10,14,ppr,1,1,2,1,1,0,0,6,2,280,2,2022,2024
10,14,ppr,1,1,2,1,2,0,0,7,2,280,2,2023,2024
10,14,ppr,1,2,2,0,2,1,1,5,2,280,2,2024,2025
10,14,ppr,1,2,2,0,3,0,0,6,2,280,1,2022,2022
10,14,ppr,1,2,2,1,1,0,1,6,2,280,2,2020,2023
10,14,ppr,1,2,2,1,2,0,0,0,2,280,1,2022,2022
10,14,ppr,1,2,2,1,2,0,1,0,2,280,1,2021,2021
10,14,std,1,2,2,1,2,0,1,5,2,280,1,2022,2022
8,17,ppr,1,2,2,1,3,0,0,8,2,272,1,2024,2024
8,17,ppr,1,2,2,1,3,1,1,6,2,272,1,2024,2024
8,17,ppr,1,2,2,1,4,0,0,7,2,272,2,2021,2025
8,17,ppr,1,2,3,1,2,0,1,7,2,272,2,2021,2024
8,17,ppr,1,2,3,1,3,0,0,7,2,272,2,2021,2025
10,13,half_ppr,1,2,2,1,1,0,1,5,2,260,2,2020,2021
10,13,half_ppr,1,2,2,1,2,1,1,3,2,260,2,2024,2025
10,13,half_ppr,1,2,3,1,1,0,0,5,2,260,2,2020,2024
10,13,ppr,1,2,2,1,1,0,0,6,2,260,1,2023,2023
10,13,ppr,1,2,2,1,2,1,1,3,2,260,2,2021,2024
8,16,half_ppr,1,2,0,0,1,1,1,7,2,256,1,2024,2024
8,16,ppr,1,2,2,1,2,0,0,8,2,256,2,2021,2023
8,16,ppr,1,2,3,1,1,1,1,6,2,256,2,2022,2025
8,16,ppr,1,2,3,1,2,1,0,6,2,256,1,2023,2023
8,16,ppr,1,2,3,1,3,0,0,6,2,256,2,2021,2023
8,15,ppr,1,2,2,1,1,0,1,7,2,240,2,2023,2025
8,15,ppr,1,2,2,1,2,0,1,5,2,240,1,2020,2020
8,15,ppr,1,2,2,1,2,1,0,6,2,240,2,2021,2024
8,15,ppr,1,2,2,1,2,1,1,7,2,240,2,2021,2025
10,12,half_ppr,1,2,2,1,1,0,0,5,2,240,2,2020,2025
10,12,ppr,1,1,1,1,1,0,0,6,2,240,1,2021,2021
10,12,ppr,1,2,2,1,2,0,0,0,2,240,1,2025,2025
10,12,ppr,1,2,2,1,2,0,0,4,2,240,2,2021,2022
10,12,ppr,1,2,2,1,2,1,1,2,2,239,1,2022,2022
8,14,half_ppr,1,2,2,1,2,0,1,5,2,224,2,2024,2025
8,14,ppr,1,2,2,1,0,0,0,6,2,224,2,2021,2022
8,14,ppr,1,2,2,1,2,0,1,5,2,224,2,2022,2023
8,14,ppr,1,2,3,1,1,0,1,5,2,224,2,2021,2022
8,13,ppr,1,2,2,1,1,0,1,5,2,208,2,2020,2025
8,12,ppr,1,2,2,1,1,1,1,3,2,192,2,2020,2022
14,32,ppr,1,2,3,1,3,1,1,20,1,448,1,2024,2024
14,32,ppr,1,2,2,1,5,0,0,21,1,447,1,2022,2022
12,37,ppr,1,2,2,1,2,1,1,27,1,444,1,2024,2024
12,35,ppr,1,2,3,1,4,0,0,24,1,420,1,2024,2024
14,30,ppr,1,2,3,1,3,0,0,20,1,420,1,2025,2025
12,31,ppr,1,2,3,1,2,0,0,22,1,372,1,2023,2023
14,26,std,1,2,3,1,3,0,0,16,1,364,1,2024,2024
10,36,ppr,1,2,2,1,2,1,1,25,1,360,1,2021,2021
12,30,half_ppr,1,2,3,1,2,0,0,21,1,360,1,2024,2024
12,30,ppr,1,1,1,1,6,0,0,20,1,360,1,2025,2025
12,30,ppr,1,2,3,1,3,0,0,20,1,360,1,2023,2023
12,30,ppr,1,2,3,1,3,0,0,24,1,360,1,2022,2022
12,30,ppr,1,2,3,1,4,0,0,19,1,360,1,2024,2024
14,25,ppr,1,2,2,1,0,0,1,16,1,350,1,2020,2020
14,25,std,1,2,3,1,4,0,0,14,1,350,1,2025,2025
14,25,ppr,1,2,2,1,6,0,0,13,1,349,1,2021,2021
12,29,ppr,1,2,2,1,1,0,0,20,1,348,1,2022,2022
12,29,ppr,1,2,3,1,4,0,0,18,1,348,1,2024,2024
12,29,ppr,1,2,2,0,4,0,0,20,1,347,1,2022,2022
12,28,ppr,1,2,2,1,1,0,1,20,1,336,1,2025,2025
12,28,ppr,1,2,3,1,1,0,0,20,1,336,1,2022,2022
12,28,ppr,1,2,3,1,3,1,1,16,1,336,1,2021,2021
12,28,ppr,1,2,3,1,4,0,0,15,1,336,1,2023,2023
12,28,ppr,1,2,3,1,4,0,0,17,1,336,1,2022,2022
14,24,half_ppr,1,2,3,1,1,1,1,14,1,336,1,2022,2022
14,24,half_ppr,1,2,3,1,3,0,0,14,1,336,1,2022,2022
14,24,ppr,1,2,2,1,2,1,1,14,1,336,1,2023,2023
14,24,ppr,1,2,2,1,5,0,0,13,1,336,1,2021,2021
14,24,ppr,1,2,3,1,3,0,0,14,1,336,1,2025,2025
14,24,ppr,1,2,3,1,5,1,1,10,1,336,1,2022,2022
14,24,ppr,1,2,4,1,4,0,0,12,1,336,1,2022,2022
14,24,std,1,3,2,1,3,0,0,14,1,336,1,2025,2025
10,33,ppr,1,2,3,1,5,0,1,20,1,330,1,2022,2022
14,23,half_ppr,1,2,3,1,3,0,0,13,1,322,1,2023,2023
14,23,half_ppr,1,2,3,1,4,0,0,12,1,322,1,2025,2025
14,23,ppr,1,3,4,2,3,0,0,10,1,322,1,2025,2025
14,23,std,1,2,3,1,4,0,0,12,1,322,1,2025,2025
10,32,ppr,1,2,3,1,5,0,0,20,1,320,1,2023,2023
12,26,half_ppr,1,2,2,1,3,0,0,17,1,312,1,2023,2023
12,26,ppr,1,1,1,1,7,0,0,15,1,312,1,2021,2021
12,26,ppr,1,2,2,1,2,0,0,15,1,312,1,2025,2025
12,26,ppr,1,2,2,1,2,1,1,16,1,312,1,2022,2022
12,26,ppr,1,2,2,1,3,0,0,17,1,312,1,2022,2022
12,26,ppr,1,2,3,1,2,0,0,15,1,312,1,2023,2023
12,26,ppr,1,2,3,1,2,1,1,15,1,312,1,2025,2025
12,26,ppr,1,2,3,1,3,0,1,15,1,312,1,2021,2021
12,26,ppr,1,3,3,2,3,0,0,14,1,312,1,2024,2024
10,31,ppr,1,2,3,1,5,0,0,19,1,310,1,2022,2022
14,22,half_ppr,1,2,2,1,3,0,0,13,1,308,1,2021,2021
14,22,ppr,1,1,1,2,2,0,0,14,1,308,1,2023,2023
14,22,ppr,1,2,2,1,1,0,1,12,1,308,1,2024,2024
14,22,ppr,1,2,2,1,4,0,0,12,1,308,1,2022,2022
14,22,ppr,1,2,2,2,3,1,1,10,1,308,1,2025,2025
14,22,ppr,1,2,3,1,2,0,0,13,1,308,1,2022,2022
14,22,ppr,1,2,3,1,3,0,0,12,1,308,1,2023,2023
14,22,ppr,1,2,3,1,4,0,0,11,1,308,1,2022,2022
14,22,std,1,3,3,2,2,1,1,9,1,308,1,2023,2023
10,30,half_ppr,1,2,2,1,2,1,1,20,1,300,1,2025,2025
10,30,ppr,1,2,2,2,4,0,0,19,1,300,1,2025,2025
10,30,ppr,1,2,5,1,2,0,0,19,1,300,1,2025,2025
10,30,ppr,1,3,2,1,4,0,0,19,1,300,1,2025,2025
10,30,ppr,1,3,3,1,7,0,0,15,1,300,1,2023,2023
12,25,half_ppr,1,2,2,1,2,1,1,15,1,300,1,2024,2024
12,25,half_ppr,1,2,2,1,3,0,0,16,1,300,1,2022,2022
12,25,half_ppr,1,2,3,0,2,0,0,17,1,300,1,2025,2025
12,25,half_ppr,1,2,3,1,2,0,0,15,1,300,1,2023,2023
12,25,ppr,1,2,2,1,6,0,0,13,1,300,1,2021,2021
12,25,ppr,1,2,2,2,4,0,0,14,1,300,1,2023,2023
12,25,ppr,1,2,3,1,2,0,0,15,1,300,1,2022,2022
12,25,ppr,1,2,3,1,3,0,1,14,1,300,1,2023,2023
12,25,ppr,1,2,3,1,4,0,1,13,1,300,1,2021,2021
12,25,ppr,1,3,3,1,3,0,0,14,1,300,1,2022,2022
12,25,std,1,2,2,1,4,0,0,15,1,300,1,2025,2025
12,25,std,1,2,3,1,3,0,0,15,1,300,1,2021,2021
14,21,ppr,1,2,2,1,3,1,1,10,1,294,1,2021,2021
14,21,ppr,1,2,3,1,4,0,0,10,1,294,1,2025,2025
14,21,std,1,2,2,1,3,0,0,12,1,294,1,2021,2021
10,29,ppr,1,2,3,1,4,0,0,18,1,290,1,2022,2022
12,24,half_ppr,1,2,3,0,2,0,0,16,1,288,1,2024,2024
12,24,half_ppr,1,2,3,1,2,0,1,14,1,288,1,2022,2022
12,24,half_ppr,1,2,3,1,3,0,0,14,1,288,1,2023,2023
12,24,ppr,1,2,2,1,2,0,0,14,1,288,1,2022,2022
12,24,ppr,1,2,2,1,4,1,0,13,1,288,1,2021,2021
12,24,ppr,1,2,3,1,1,0,0,14,1,288,1,2022,2022
12,24,ppr,1,2,3,1,1,1,0,14,1,288,1,2021,2021
12,24,ppr,1,2,3,1,1,1,1,14,1,288,1,2022,2022
12,24,ppr,1,2,3,1,2,1,1,13,1,288,1,2020,2020
12,24,ppr,1,2,3,1,3,1,1,12,1,288,1,2021,2021
12,24,std,1,2,2,1,3,0,0,15,1,288,1,2021,2021
12,24,std,1,2,3,1,2,0,0,15,1,288,1,2021,2021
12,24,std,1,2,3,1,3,0,0,14,1,288,1,2020,2020
8,35,ppr,1,3,3,1,5,0,2,20,1,280,1,2022,2022
10,28,ppr,1,2,2,1,2,1,1,18,1,280,1,2022,2022
10,28,ppr,1,2,2,1,4,0,0,18,1,280,1,2024,2024
10,28,ppr,1,2,2,2,2,1,1,13,1,280,1,2021,2021
10,28,ppr,1,2,3,1,5,0,0,16,1,280,1,2023,2023
10,28,ppr,1,2,4,1,4,0,0,16,1,280,1,2022,2022
14,20,half_ppr,1,2,2,1,2,1,1,10,1,280,1,2022,2022
14,20,half_ppr,1,2,3,1,1,1,1,10,1,280,1,2022,2022
14,20,ppr,1,1,2,1,5,0,0,10,1,280,1,2022,2022
14,20,ppr,1,1,3,1,2,1,1,10,1,280,1,2022,2022
14,20,ppr,1,2,2,1,1,0,0,12,1,280,1,2023,2023
14,20,ppr,1,2,2,1,1,1,1,11,1,280,1,2025,2025
14,20,ppr,1,2,2,1,3,0,0,11,1,280,1,2023,2023
14,20,ppr,1,2,2,1,4,0,0,10,1,280,1,2021,2021
12,23,half_ppr,1,2,3,1,1,0,0,15,1,276,1,2023,2023
12,23,ppr,1,1,1,1,6,0,0,13,1,276,1,2023,2023
12,23,ppr,1,2,2,0,3,1,0,13,1,276,1,2024,2024
12,23,ppr,1,2,2,1,3,0,0,13,1,276,1,2021,2021
12,23,ppr,1,2,2,1,5,0,0,12,1,276,1,2022,2022
12,23,ppr,1,2,3,1,1,0,0,12,1,276,1,2021,2021
12,23,ppr,1,2,3,1,1,0,0,13,1,276,1,2022,2022
12,23,ppr,1,2,3,2,2,0,0,12,1,276,1,2023,2023
12,23,ppr,1,2,3,2,3,0,0,12,1,276,1,2022,2022
12,23,ppr,1,3,4,1,3,0,0,11,1,276,1,2023,2023
12,23,std,1,2,3,1,2,0,0,14,1,276,1,2021,2021
10,27,ppr,1,2,2,1,3,0,0,17,1,270,1,2025,2025
10,27,ppr,1,2,3,1,5,0,0,15,1,270,1,2023,2023
14,19,half_ppr,1,2,2,1,3,0,0,10,1,266,1,2021,2021
14,19,half_ppr,1,2,3,1,2,0,0,10,1,266,1,2022,2022
14,19,ppr,1,2,2,1,4,0,0,9,1,266,1,2020,2020
14,19,ppr,1,2,2,2,2,0,0,11,1,266,1,2024,2024
12,22,ppr,1,0,0,0,9,0,0,12,1,264,1,2022,2022
12,22,ppr,1,1,1,1,2,0,0,12,1,264,1,2024,2024
12,22,ppr,1,1,1,1,3,0,0,12,1,264,1,2021,2021
12,22,ppr,1,1,1,1,6,0,0,12,1,264,1,2024,2024
12,22,ppr,1,1,2,1,5,0,0,12,1,264,1,2021,2021
12,22,ppr,1,1,3,1,4,0,0,12,1,264,1,2021,2021
12,22,ppr,1,2,1,1,5,0,0,12,1,264,1,2021,2021
12,22,ppr,1,2,2,1,1,0,0,14,1,264,1,2022,2022
12,22,ppr,1,2,2,1,1,0,0,15,1,264,1,2024,2024
12,22,ppr,1,2,2,1,1,1,1,11,1,264,1,2023,2023
12,22,ppr,1,2,2,1,2,0,1,13,1,264,1,2022,2022
12,22,ppr,1,2,2,1,3,0,0,12,1,264,1,2023,2023
12,22,ppr,1,2,2,1,3,1,1,11,1,264,1,2021,2021
12,22,ppr,1,2,2,2,4,0,0,11,1,264,1,2020,2020
12,22,ppr,1,2,3,0,4,0,0,12,1,264,1,2024,2024
12,22,ppr,1,2,3,1,2,0,1,12,1,264,1,2022,2022
12,22,ppr,1,2,3,1,2,1,1,11,1,264,1,2022,2022
12,22,ppr,1,2,3,1,3,1,1,10,1,264,1,2021,2021
12,22,ppr,1,2,3,1,5,0,0,10,1,264,1,2022,2022
12,22,ppr,1,2,5,1,2,0,0,11,1,264,1,2022,2022
12,22,ppr,1,3,3,1,1,0,0,12,1,264,1,2023,2023
12,22,ppr,1,3,4,1,4,0,0,9,1,264,1,2023,2023
10,26,half_ppr,1,2,3,1,3,1,0,15,1,260,1,2022,2022
10,26,ppr,1,1,2,1,5,0,0,16,1,260,1,2023,2023
10,26,ppr,1,2,2,1,2,0,0,18,1,260,1,2024,2024
10,26,ppr,1,2,2,1,6,0,0,14,1,260,1,2023,2023
10,26,ppr,1,2,3,1,1,0,0,15,1,260,1,2022,2022
10,26,ppr,1,2,3,1,4,0,0,15,1,260,1,2021,2021
10,26,ppr,1,2,4,0,4,0,1,14,1,260,1,2025,2025
10,26,ppr,1,2,4,1,4,0,0,14,1,260,1,2022,2022
12,21,half_ppr,1,2,2,0,2,0,0,12,1,252,1,2024,2024
12,21,half_ppr,1,2,2,1,3,0,0,12,1,252,1,2025,2025
12,21,half_ppr,1,2,2,1,5,0,0,10,1,252,1,2022,2022
12,21,half_ppr,1,2,3,1,1,1,1,11,1,252,1,2024,2024
12,21,half_ppr,1,2,3,1,2,0,0,12,1,252,1,2023,2023
12,21,half_ppr,1,2,3,1,3,0,0,11,1,252,1,2022,2022
12,21,half_ppr,1,2,4,1,1,0,0,12,1,252,1,2021,2021
12,21,ppr,1,2,2,1,1,0,0,12,1,252,1,2021,2021
12,21,ppr,1,2,2,1,1,1,1,10,1,252,1,2025,2025
12,21,ppr,1,2,2,1,2,0,0,10,1,252,1,2021,2021
12,21,ppr,1,2,2,1,3,0,1,11,1,252,1,2022,2022
12,21,ppr,1,2,3,1,2,0,0,10,1,252,1,2025,2025
12,21,ppr,1,2,3,1,3,0,0,10,1,252,1,2025,2025
14,18,half_ppr,1,2,2,0,2,0,0,10,1,252,1,2024,2024
14,18,half_ppr,1,2,2,1,2,0,0,9,1,252,1,2022,2022
14,18,half_ppr,1,2,2,1,2,0,0,10,1,252,1,2021,2021
14,18,half_ppr,1,2,2,1,2,1,1,8,1,252,1,2022,2022
14,18,half_ppr,1,2,2,1,4,0,0,8,1,252,1,2021,2021
14,18,ppr,1,0,0,1,3,0,0,10,1,252,1,2022,2022
14,18,ppr,1,1,2,1,3,1,1,1,1,252,1,2022,2022
14,18,ppr,1,2,2,1,0,1,1,8,1,252,1,2021,2021
14,18,ppr,1,2,2,1,1,0,0,10,1,252,1,2024,2024
14,18,ppr,1,2,2,1,1,0,0,11,1,252,1,2024,2024
14,18,ppr,1,2,2,1,1,1,1,8,1,252,1,2021,2021
14,18,ppr,1,2,2,1,2,0,1,9,1,252,1,2020,2020
14,18,ppr,1,2,2,1,2,1,1,0,1,252,1,2021,2021
14,18,ppr,1,2,3,0,3,0,0,8,1,252,1,2024,2024
14,18,ppr,1,2,3,1,3,1,1,6,1,252,1,2023,2023
10,25,half_ppr,1,2,2,1,2,0,0,15,1,250,1,2023,2023
10,25,ppr,1,1,2,1,5,0,0,15,1,250,1,2025,2025
10,25,ppr,1,2,2,1,3,1,1,14,1,250,1,2023,2023
10,25,ppr,1,2,2,1,4,0,1,14,1,250,1,2024,2024
10,25,ppr,1,2,2,2,3,0,0,15,1,250,1,2022,2022
10,25,ppr,1,2,3,1,2,0,0,16,1,250,1,2021,2021
10,25,ppr,1,2,3,1,2,1,1,0,1,250,1,2021,2021
10,25,ppr,1,2,3,1,4,0,0,14,1,250,1,2021,2021
10,25,ppr,1,2,5,1,1,0,0,15,1,250,1,2022,2022
8,31,ppr,1,2,2,1,5,0,0,20,1,248,1,2022,2022
10,24,half_ppr,1,2,3,1,2,0,0,15,1,240,1,2025,2025
10,24,ppr,1,1,6,1,0,0,0,10,1,240,1,2023,2023
10,24,ppr,1,2,2,0,5,0,0,14,1,240,1,2021,2021
10,24,ppr,1,2,2,1,2,0,1,15,1,240,1,2023,2023
10,24,ppr,1,2,2,1,4,1,1,12,1,240,1,2023,2023
10,24,ppr,1,2,2,2,3,0,0,14,1,240,1,2021,2021
10,24,ppr,1,2,3,1,1,0,0,16,1,240,1,2021,2021
10,24,ppr,1,3,4,1,3,0,0,10,1,240,1,2021,2021
10,24,ppr,1,3,4,1,3,1,0,11,1,240,1,2024,2024
10,24,std,1,1,1,0,3,1,1,12,1,240,1,2023,2023
10,24,std,1,2,3,1,3,0,0,14,1,240,1,2022,2022
12,20,half_ppr,1,2,2,1,2,1,0,11,1,240,1,2025,2025
12,20,half_ppr,1,2,2,1,2,1,1,10,1,240,1,2021,2021
12,20,half_ppr,1,2,2,1,3,0,0,10,1,240,1,2022,2022
12,20,half_ppr,1,2,3,1,1,0,0,10,1,240,1,2021,2021
12,20,half_ppr,1,2,3,1,2,0,0,10,1,240,1,2025,2025
12,20,ppr,1,0,0,0,9,0,0,10,1,240,1,2024,2024
12,20,ppr,1,0,5,0,4,0,0,10,1,240,1,2022,2022
12,20,ppr,1,1,1,1,6,0,0,10,1,240,1,2021,2021
12,20,ppr,1,1,2,1,3,1,1,10,1,240,1,2023,2023
12,20,ppr,1,2,2,1,1,0,0,13,1,240,1,2021,2021
12,20,ppr,1,2,2,1,1,1,1,9,1,240,1,2023,2023
12,20,ppr,1,2,2,1,1,1,1,11,1,240,1,2021,2021
12,20,ppr,1,2,2,1,2,0,0,11,1,240,1,2021,2021
12,20,ppr,1,2,2,1,3,1,0,10,1,240,1,2023,2023
12,20,ppr,1,2,2,1,4,1,1,8,1,240,1,2023,2023
12,20,ppr,1,2,2,2,1,0,0,10,1,240,1,2022,2022
12,20,ppr,1,2,2,2,3,1,1,8,1,240,1,2020,2020
12,20,ppr,1,2,3,0,0,0,0,10,1,240,1,2022,2022
12,20,ppr,1,2,3,0,2,0,0,10,1,240,1,2022,2022
12,20,ppr,1,2,3,1,2,0,0,8,1,240,1,2021,2021
12,20,ppr,1,2,3,1,2,0,0,10,1,240,1,2022,2022
12,20,ppr,1,2,3,1,2,1,0,10,1,240,1,2022,2022
12,20,ppr,1,2,3,1,5,0,0,8,1,240,1,2020,2020
12,20,ppr,1,2,3,2,3,0,0,9,1,240,1,2021,2021
12,20,ppr,1,3,3,1,2,0,0,10,1,240,1,2022,2022
12,20,ppr,1,3,3,1,3,1,1,7,1,240,1,2025,2025
12,20,std,1,2,2,1,1,0,0,13,1,240,1,2024,2024
12,20,std,1,2,2,1,2,0,0,12,1,240,1,2025,2025
12,20,std,1,2,3,1,1,1,1,10,1,240,1,2021,2021
12,20,std,1,2,3,1,3,0,0,10,1,240,1,2021,2021
14,17,half_ppr,1,2,2,1,2,0,0,9,1,238,1,2025,2025
14,17,half_ppr,1,2,2,1,2,1,1,7,1,238,1,2021,2021
14,17,half_ppr,1,2,3,1,2,0,0,8,1,238,1,2023,2023
14,17,ppr,1,2,2,1,1,1,1,7,1,238,1,2023,2023
14,17,ppr,1,2,2,1,2,0,0,9,1,238,1,2021,2021
14,17,ppr,1,2,2,1,2,1,1,5,1,238,1,2022,2022
14,17,ppr,1,2,2,1,3,0,1,7,1,238,1,2024,2024
14,17,ppr,1,2,2,1,3,1,1,6,1,238,1,2023,2023
14,17,ppr,1,2,2,1,4,0,0,7,1,238,1,2023,2023
8,29,ppr,1,2,2,1,3,1,1,18,1,232,1,2023,2023
8,29,ppr,1,2,2,1,9,0,0,14,1,232,1,2023,2023
8,29,ppr,1,3,4,1,8,0,0,12,1,232,1,2023,2023
10,23,half_ppr,1,2,2,1,2,0,1,14,1,230,1,2021,2021
10,23,half_ppr,1,2,2,1,4,0,0,13,1,230,1,2025,2025
10,23,ppr,1,2,2,1,2,1,1,13,1,230,1,2021,2021
10,23,ppr,1,2,2,1,3,1,1,12,1,230,1,2021,2021
10,23,ppr,1,2,3,1,2,1,1,0,1,230,1,2021,2021
10,23,ppr,1,2,3,1,3,1,0,12,1,230,1,2022,2022
10,23,ppr,1,3,3,1,3,1,1,10,1,230,1,2022,2022
10,23,ppr,1,3,3,1,4,0,0,11,1,230,1,2024,2024
10,23,ppr,1,3,5,1,3,1,1,8,1,230,1,2024,2024
10,23,std,1,2,2,1,3,0,0,14,1,230,1,2024,2024
12,19,half_ppr,1,2,2,1,0,1,1,9,1,228,1,2024,2024
12,19,half_ppr,1,2,2,1,2,0,0,11,1,228,1,2022,2022
12,19,half_ppr,1,2,2,1,3,0,0,12,1,228,1,2023,2023
12,19,half_ppr,1,2,3,1,1,0,0,11,1,228,1,2025,2025
12,19,half_ppr,1,2,3,1,2,1,1,8,1,228,1,2024,2024
12,19,half_ppr,1,2,3,1,3,0,0,9,1,228,1,2022,2022
12,19,half_ppr,1,2,3,1,3,1,1,7,1,228,1,2021,2021
12,19,ppr,1,1,1,1,3,0,0,12,1,228,1,2022,2022
12,19,ppr,1,2,2,1,2,0,0,10,1,228,1,2022,2022
12,19,ppr,1,2,2,1,2,1,1,5,1,228,1,2020,2020
12,19,ppr,1,2,2,1,3,1,0,9,1,228,1,2024,2024
12,19,ppr,1,2,2,1,4,1,1,7,1,228,1,2025,2025
12,19,ppr,1,2,2,2,2,0,0,10,1,228,1,2022,2022
12,19,ppr,1,2,2,2,3,0,0,9,1,228,1,2025,2025
12,19,ppr,1,2,3,1,0,1,1,7,1,228,1,2022,2022
12,19,ppr,1,2,3,1,2,0,0,0,1,228,1,2024,2024
12,19,ppr,1,2,3,1,2,0,0,11,1,228,1,2024,2024
12,19,ppr,1,2,3,1,4,0,0,8,1,228,1,2023,2023
12,19,ppr,1,3,2,1,3,0,0,9,1,228,1,2021,2021
12,19,ppr,1,3,3,0,4,0,0,8,1,228,1,2024,2024
12,19,ppr,1,3,3,1,2,0,0,7,1,228,1,2020,2020
12,19,ppr,1,3,3,1,2,0,1,8,1,228,1,2020,2020
12,19,ppr,1,3,3,2,0,0,0,10,1,228,1,2023,2023
12,19,std,1,2,2,1,2,0,0,11,1,228,1,2024,2024
12,19,std,1,2,3,1,1,1,1,9,1,228,1,2020,2020
12,19,std,1,2,3,1,2,0,0,10,1,228,1,2022,2022
8,28,ppr,1,2,3,1,2,1,1,17,1,224,1,2023,2023
8,28,ppr,1,2,3,1,3,0,0,18,1,224,1,2021,2021
14,16,half_ppr,1,1,2,1,3,1,1,6,1,224,1,2022,2022
14,16,half_ppr,1,2,2,1,1,1,1,7,1,224,1,2022,2022
14,16,half_ppr,1,2,2,1,2,0,1,7,1,224,1,2025,2025
14,16,half_ppr,1,2,3,1,3,0,0,6,1,224,1,2025,2025
14,16,ppr,1,1,1,1,2,0,0,9,1,224,1,2023,2023
14,16,ppr,1,1,2,1,2,0,0,9,1,224,1,2021,2021
14,16,ppr,1,2,2,1,1,0,0,8,1,224,1,2022,2022
14,16,ppr,1,2,2,1,1,1,1,1,1,224,1,2020,2020
14,16,ppr,1,2,2,1,3,1,1,5,1,224,1,2022,2022
14,16,ppr,1,2,2,1,4,0,0,6,1,224,1,2022,2022
14,16,ppr,1,2,3,0,2,0,1,7,1,224,1,2022,2022
14,16,ppr,1,2,3,1,2,0,1,6,1,224,1,2023,2023
14,16,ppr,1,2,3,1,2,1,0,6,1,224,1,2021,2021
10,22,half_ppr,1,2,3,1,2,0,0,13,1,220,1,2021,2021
10,22,half_ppr,1,2,3,1,2,0,1,12,1,220,1,2023,2023
10,22,half_ppr,1,2,3,1,3,0,0,12,1,220,1,2023,2023
10,22,ppr,1,1,1,1,4,0,0,14,1,220,1,2023,2023
10,22,ppr,1,1,1,1,6,0,0,12,1,220,1,2021,2021
10,22,ppr,1,2,2,0,5,0,0,12,1,220,1,2023,2023
10,22,ppr,1,2,2,1,1,0,0,12,1,220,1,2022,2022
10,22,ppr,1,2,2,1,1,0,1,14,1,220,1,2024,2024
10,22,ppr,1,2,2,1,2,0,1,13,1,220,1,2021,2021
10,22,ppr,1,2,2,1,2,1,1,12,1,220,1,2021,2021
10,22,ppr,1,2,2,1,4,1,1,10,1,220,1,2022,2022
10,22,ppr,1,2,2,2,3,0,0,12,1,220,1,2021,2021
10,22,ppr,1,2,3,0,5,0,0,11,1,220,1,2023,2023
10,22,ppr,1,2,3,1,1,1,1,12,1,220,1,2023,2023
10,22,ppr,1,2,3,1,2,0,0,10,1,220,1,2020,2020
10,22,ppr,1,2,3,1,2,0,0,15,1,220,1,2025,2025
10,22,ppr,1,2,3,1,2,0,1,12,1,220,1,2021,2021
10,22,ppr,1,2,3,1,3,0,0,13,1,220,1,2022,2022
10,22,ppr,1,2,3,2,2,1,1,10,1,220,1,2022,2022
10,22,ppr,1,2,5,1,1,0,0,12,1,220,1,2021,2021
10,22,ppr,1,3,3,0,3,0,0,12,1,220,1,2023,2023
10,22,ppr,1,3,3,1,4,0,0,10,1,220,1,2021,2021
10,22,std,1,2,3,1,3,0,0,12,1,220,1,2022,2022
8,27,ppr,1,2,2,1,8,0,0,13,1,216,1,2023,2023
12,18,half_ppr,1,0,0,0,8,0,0,9,1,216,1,2021,2021
12,18,half_ppr,1,0,0,0,9,0,0,8,1,216,1,2022,2022
12,18,half_ppr,1,2,2,1,1,0,0,14,1,216,1,2023,2023
12,18,half_ppr,1,2,2,1,1,0,1,7,1,216,1,2023,2023
12,18,half_ppr,1,2,2,1,1,0,1,8,1,216,1,2020,2020
12,18,half_ppr,1,2,2,1,3,0,0,8,1,216,1,2022,2022
12,18,half_ppr,1,3,3,1,2,0,2,6,1,216,1,2023,2023
12,18,ppr,1,0,0,0,8,0,0,9,1,216,1,2021,2021
12,18,ppr,1,1,1,1,4,1,1,8,1,216,1,2025,2025
12,18,ppr,1,2,2,1,0,0,0,10,1,216,1,2022,2022
12,18,ppr,1,2,2,1,2,0,0,8,1,216,1,2023,2023
12,18,ppr,1,2,2,1,2,1,1,6,1,216,1,2025,2025
12,18,ppr,1,2,2,1,3,0,1,0,1,216,1,2025,2025
12,18,ppr,1,2,2,1,3,1,1,0,1,216,1,2021,2021
12,18,ppr,1,2,2,1,4,0,0,0,1,216,1,2021,2021
12,18,ppr,1,2,2,1,5,0,0,7,1,216,1,2020,2020
12,18,ppr,1,2,2,1,5,1,1,5,1,216,1,2023,2023
12,18,ppr,1,2,2,2,2,1,1,7,1,216,1,2022,2022
12,18,ppr,1,2,3,0,3,0,0,8,1,216,1,2025,2025
12,18,ppr,1,2,3,1,0,1,1,7,1,216,1,2022,2022
12,18,ppr,1,2,3,1,1,0,0,1,1,216,1,2024,2024
12,18,ppr,1,2,3,1,1,1,1,0,1,216,1,2023,2023
12,18,ppr,1,2,3,1,2,0,0,8,1,216,1,2024,2024
12,18,ppr,1,2,3,1,2,0,1,0,1,216,1,2023,2023
12,18,ppr,1,2,3,1,3,1,1,6,1,216,1,2022,2022
12,18,ppr,1,2,3,2,2,0,0,0,1,216,1,2022,2022
12,18,ppr,1,2,3,3,2,0,0,7,1,216,1,2025,2025
12,18,ppr,1,2,4,1,2,0,0,8,1,216,1,2024,2024
12,18,ppr,1,3,2,1,3,0,0,8,1,216,1,2021,2021
12,18,ppr,1,3,3,1,2,0,0,8,1,216,1,2022,2022
12,18,ppr,1,3,3,1,3,0,0,7,1,216,1,2023,2023
12,18,std,1,2,2,1,1,1,1,9,1,216,1,2021,2021
12,18,std,1,2,2,1,2,0,0,10,1,216,1,2021,2021
12,18,std,1,2,3,1,1,1,1,8,1,216,1,2022,2022
10,21,half_ppr,1,1,3,1,3,0,0,12,1,210,1,2025,2025
10,21,half_ppr,1,2,2,1,2,0,1,12,1,210,1,2023,2023
10,21,half_ppr,1,2,2,1,5,0,0,10,1,210,1,2021,2021
10,21,half_ppr,1,2,3,1,3,0,0,11,1,210,1,2025,2025
10,21,ppr,1,1,1,1,1,1,1,14,1,210,1,2024,2024
10,21,ppr,1,1,1,1,5,0,0,12,1,210,1,2023,2023
10,21,ppr,1,2,2,1,1,1,1,12,1,210,1,2021,2021
10,21,ppr,1,2,2,1,3,0,1,11,1,210,1,2023,2023
10,21,ppr,1,2,2,1,3,1,1,10,1,210,1,2022,2022
10,21,ppr,1,2,2,1,4,0,0,11,1,210,1,2024,2024
10,21,ppr,1,2,2,1,5,0,0,10,1,210,1,2022,2022
10,21,ppr,1,2,3,1,2,1,1,10,1,210,1,2022,2022
10,21,ppr,1,2,3,1,3,0,0,12,1,210,1,2025,2025
10,21,ppr,1,2,3,1,3,0,1,10,1,210,1,2024,2024
10,21,ppr,1,2,3,1,4,0,0,10,1,210,1,2022,2022
10,21,ppr,1,2,3,2,3,1,1,8,1,210,1,2023,2023
10,21,ppr,1,3,3,1,4,0,0,9,1,210,1,2021,2021
14,15,half_ppr,1,2,2,1,3,0,0,6,1,210,1,2022,2022
14,15,half_ppr,1,2,3,1,0,1,1,6,1,210,1,2021,2021
14,15,half_ppr,1,2,3,1,1,0,1,6,1,210,1,2021,2021
14,15,ppr,1,2,2,1,2,1,0,6,1,210,1,2022,2022
14,15,ppr,1,2,2,1,4,0,0,5,1,210,1,2022,2022
14,15,ppr,1,2,2,2,1,0,0,6,1,210,1,2020,2020
14,15,ppr,1,2,3,1,0,1,1,0,1,210,1,2025,2025
14,15,ppr,1,2,3,1,1,1,1,0,1,210,1,2024,2024
14,15,ppr,1,2,3,1,1,1,1,5,1,210,1,2024,2024
8,26,ppr,1,2,2,1,3,0,0,17,1,208,1,2024,2024
8,26,ppr,1,2,2,1,5,0,0,15,1,208,1,2022,2022
8,26,ppr,1,2,2,1,10,0,0,10,1,208,1,2023,2023
8,26,ppr,1,2,3,1,2,0,2,15,1,208,1,2022,2022
8,26,ppr,1,2,3,1,3,0,0,16,1,208,1,2023,2023
8,26,ppr,1,2,4,1,2,0,0,16,1,208,1,2022,2022
8,26,ppr,1,3,3,0,4,0,0,15,1,208,1,2025,2025
8,26,ppr,1,3,3,1,0,1,1,12,1,208,1,2020,2020
12,18,std,1,2,3,1,3,0,0,8,1,206,1,2022,2022
12,17,half_ppr,1,1,3,1,2,0,0,8,1,204,1,2023,2023
12,17,half_ppr,1,2,2,1,0,1,1,7,1,204,1,2023,2023
12,17,half_ppr,1,2,2,1,2,0,0,7,1,204,1,2025,2025
12,17,half_ppr,1,2,2,1,4,0,0,7,1,204,1,2020,2020
12,17,half_ppr,1,2,3,1,2,0,0,0,1,204,1,2021,2021
12,17,half_ppr,1,2,3,1,2,0,1,7,1,204,1,2025,2025
12,17,half_ppr,1,2,3,1,3,1,1,5,1,204,1,2024,2024
12,17,ppr,1,1,2,1,2,1,1,8,1,204,1,2024,2024
12,17,ppr,1,1,3,1,4,0,0,7,1,204,1,2024,2024
12,17,ppr,1,2,2,1,0,1,1,7,1,204,1,2023,2023
12,17,ppr,1,2,2,1,1,1,1,0,1,204,1,2021,2021
12,17,ppr,1,2,2,1,2,0,0,8,1,204,1,2025,2025
12,17,ppr,1,2,2,1,2,1,0,8,1,204,1,2023,2023
12,17,ppr,1,2,2,1,2,1,1,0,1,204,1,2024,2024
12,17,ppr,1,2,2,1,2,1,1,5,1,204,1,2025,2025
12,17,ppr,1,2,2,1,2,1,1,6,1,204,1,2022,2022
12,17,ppr,1,2,2,1,3,0,0,7,1,204,1,2020,2020
12,17,ppr,1,2,2,2,2,1,1,6,1,204,1,2020,2020
12,17,ppr,1,2,2,2,3,0,0,7,1,204,1,2024,2024
12,17,ppr,1,2,3,0,4,0,0,7,1,204,1,2024,2024
12,17,ppr,1,2,3,1,0,0,0,10,1,204,1,2022,2022
12,17,ppr,1,2,3,1,0,1,1,6,1,204,1,2024,2024
12,17,ppr,1,2,3,1,0,1,1,8,1,204,1,2021,2021
12,17,ppr,1,2,3,1,1,0,0,7,1,204,1,2022,2022
12,17,ppr,1,2,3,1,1,1,0,0,1,204,1,2023,2023
12,17,ppr,1,2,3,1,1,1,1,6,1,204,1,2021,2021
12,17,ppr,1,2,3,1,2,0,0,6,1,204,1,2021,2021
12,17,ppr,1,2,3,1,2,0,0,7,1,204,1,2020,2020
12,17,ppr,1,2,3,1,3,1,0,6,1,204,1,2023,2023
12,17,ppr,1,2,3,1,3,1,1,5,1,204,1,2023,2023
12,17,ppr,1,3,3,1,2,0,0,7,1,204,1,2022,2022
12,17,ppr,1,3,3,2,2,0,0,6,1,204,1,2023,2023
12,17,ppr,1,3,4,1,1,0,1,6,1,204,1,2023,2023
12,17,std,1,2,3,1,0,1,1,8,1,204,1,2022,2022
12,17,std,1,2,3,1,1,0,1,8,1,204,1,2022,2022
12,17,std,1,2,3,1,2,0,1,7,1,204,1,2025,2025
8,25,ppr,1,2,2,1,2,1,1,15,1,200,1,2021,2021
8,25,ppr,1,2,2,1,3,0,0,16,1,200,1,2021,2021
8,25,ppr,1,2,3,1,3,0,0,15,1,200,1,2021,2021
8,25,ppr,1,2,3,2,3,1,1,12,1,200,1,2021,2021
8,25,ppr,1,3,3,2,3,0,0,13,1,200,1,2021,2021
10,20,half_ppr,1,2,2,1,3,0,0,11,1,200,1,2022,2022
10,20,half_ppr,1,2,2,1,3,1,1,9,1,200,1,2020,2020
10,20,half_ppr,1,2,3,1,1,1,1,10,1,200,1,2022,2022
10,20,half_ppr,1,2,3,1,2,1,1,9,1,200,1,2021,2021
10,20,ppr,1,1,1,1,2,2,0,10,1,200,1,2025,2025
10,20,ppr,1,2,2,0,1,0,0,10,1,200,1,2023,2023
10,20,ppr,1,2,2,1,0,0,0,12,1,200,1,2023,2023
10,20,ppr,1,2,2,1,1,0,0,13,1,200,1,2021,2021
10,20,ppr,1,2,2,1,1,1,1,10,1,200,1,2023,2023
10,20,ppr,1,2,2,1,1,1,1,11,1,200,1,2020,2020
10,20,ppr,1,2,2,1,2,0,0,10,1,200,1,2022,2022
10,20,ppr,1,2,2,1,2,0,0,11,1,200,1,2023,2023
10,20,ppr,1,2,2,1,3,0,0,10,1,200,1,2022,2022
10,20,ppr,1,2,2,1,3,1,0,10,1,200,1,2022,2022
10,20,ppr,1,2,2,1,3,1,1,9,1,200,1,2022,2022
10,20,ppr,1,2,3,1,1,0,0,11,1,200,1,2021,2021
10,20,ppr,1,2,3,1,2,1,1,9,1,200,1,2023,2023
10,20,ppr,1,2,3,1,3,1,1,8,1,200,1,2022,2022
10,20,ppr,1,2,3,1,4,0,0,9,1,200,1,2021,2021
10,20,ppr,1,3,2,1,1,0,0,10,1,200,1,2021,2021
10,20,ppr,1,3,2,1,3,1,1,8,1,200,1,2020,2020
10,20,ppr,1,3,3,1,2,0,0,10,1,200,1,2021,2021
10,20,ppr,1,3,3,1,3,0,0,9,1,200,1,2023,2023
10,20,ppr,1,3,3,1,3,0,1,8,1,200,1,2023,2023
10,20,std,1,2,2,1,1,0,0,13,1,200,1,2025,2025
10,20,std,1,3,3,1,2,1,1,8,1,200,1,2020,2020
14,14,half_ppr,1,1,3,1,1,1,1,5,1,196,1,2021,2021
14,14,half_ppr,1,2,2,1,3,0,0,5,1,196,1,2024,2024
14,14,ppr,1,1,2,1,2,0,1,6,1,196,1,2022,2022
14,14,ppr,1,2,2,1,1,0,1,6,1,196,1,2021,2021
14,14,ppr,1,2,3,1,0,0,0,7,1,196,1,2021,2021
14,14,ppr,1,2,3,1,0,1,1,5,1,196,1,2021,2021
14,14,ppr,1,2,3,1,2,0,0,5,1,196,1,2024,2024
14,14,std,1,2,2,1,1,1,1,5,1,196,1,2020,2020
14,14,std,1,2,3,1,1,1,1,4,1,196,1,2021,2021
8,24,ppr,1,2,2,1,2,0,0,16,1,192,1,2021,2021
8,24,ppr,1,2,2,1,3,0,0,15,1,192,1,2022,2022
8,24,ppr,1,3,4,2,2,0,0,10,1,192,1,2021,2021
12,16,half_ppr,1,1,1,1,3,1,1,7,1,192,1,2024,2024
12,16,half_ppr,1,1,3,1,2,0,0,8,1,192,1,2020,2020
12,16,half_ppr,1,2,0,0,1,1,1,0,1,192,1,2022,2022
12,16,half_ppr,1,2,2,1,0,1,1,6,1,192,1,2021,2021
12,16,half_ppr,1,2,2,1,1,1,1,0,1,192,1,2023,2023
12,16,half_ppr,1,2,2,1,3,1,0,6,1,192,1,2020,2020
12,16,half_ppr,1,2,2,1,3,1,1,5,1,192,1,2021,2021
12,16,half_ppr,1,2,2,1,4,0,0,6,1,192,1,2024,2024
12,16,half_ppr,1,2,3,0,2,0,1,6,1,192,1,2023,2023
12,16,half_ppr,1,2,3,1,1,0,0,6,1,192,1,2024,2024
12,16,ppr,1,1,1,1,4,0,0,8,1,192,1,2023,2023
12,16,ppr,1,1,1,1,4,0,1,7,1,192,1,2021,2021
12,16,ppr,1,1,1,1,6,0,0,6,1,192,1,2022,2022
12,16,ppr,1,1,2,2,0,0,0,6,1,192,1,2024,2024
12,16,ppr,1,1,3,1,3,0,0,7,1,192,1,2025,2025
12,16,ppr,1,2,2,0,3,1,1,6,1,192,1,2025,2025
12,16,ppr,1,2,2,1,0,0,0,8,1,192,1,2023,2023
12,16,ppr,1,2,2,1,1,0,0,6,1,192,1,2020,2020
12,16,ppr,1,2,2,1,2,0,1,0,1,192,1,2022,2022
12,16,ppr,1,2,2,1,2,1,0,6,1,192,1,2024,2024
12,16,ppr,1,2,2,1,3,0,1,0,1,192,1,2022,2022
12,16,ppr,1,2,2,1,4,0,1,5,1,192,1,2020,2020
12,16,ppr,1,2,2,2,2,0,1,6,1,192,1,2020,2020
12,16,ppr,1,2,2,2,2,1,1,5,1,192,1,2025,2025
12,16,ppr,1,2,3,1,1,1,1,0,1,192,1,2021,2021
12,16,ppr,1,2,3,1,2,0,0,6,1,192,1,2024,2024
12,16,ppr,1,2,3,1,2,0,0,8,1,192,1,2025,2025
12,16,ppr,1,2,3,1,2,1,0,6,1,192,1,2021,2021
12,16,ppr,1,2,3,1,3,1,0,5,1,192,1,2024,2024
12,16,ppr,1,2,4,1,2,0,0,0,1,192,1,2023,2023
12,16,ppr,1,3,3,1,3,0,0,5,1,192,1,2024,2024
12,16,ppr,1,3,4,1,1,0,0,6,1,192,1,2023,2023
10,19,half_ppr,1,2,2,1,1,0,1,11,1,190,1,2020,2020
10,19,half_ppr,1,2,2,1,2,0,0,10,1,190,1,2021,2021
10,19,ppr,1,1,2,1,2,1,1,10,1,190,1,2024,2024
10,19,ppr,1,2,2,1,2,0,0,10,1,190,1,2020,2020
10,19,ppr,1,2,2,1,3,0,1,9,1,190,1,2024,2024
10,19,ppr,1,2,2,1,5,0,0,8,1,190,1,2025,2025
10,19,ppr,1,2,3,1,0,1,1,8,1,190,1,2022,2022
10,19,ppr,1,2,3,1,2,0,0,11,1,190,1,2022,2022
10,19,ppr,1,2,3,1,2,0,1,9,1,190,1,2020,2020
10,19,ppr,1,2,3,1,2,1,0,9,1,190,1,2021,2021
10,19,ppr,1,2,3,1,4,0,0,8,1,190,1,2022,2022
10,19,ppr,1,3,3,1,2,1,1,7,1,190,1,2022,2022
10,19,ppr,1,3,3,2,0,0,0,10,1,190,1,2023,2023
10,19,ppr,1,3,3,2,2,0,0,8,1,190,1,2024,2024
10,19,std,1,2,3,1,1,1,1,9,1,190,1,2022,2022
12,16,half_ppr,1,2,2,1,1,0,1,8,1,188,1,2022,2022
12,16,half_ppr,1,2,2,1,1,1,1,1,1,188,1,2022,2022
8,23,ppr,1,2,2,1,2,0,0,15,1,184,1,2023,2023
8,23,ppr,1,2,2,1,3,0,0,14,1,184,1,2024,2024
8,23,ppr,1,2,2,1,4,0,0,13,1,184,1,2021,2021
8,23,ppr,1,2,3,1,2,1,1,12,1,184,1,2021,2021
8,23,ppr,1,2,3,1,6,1,1,8,1,184,1,2023,2023
8,23,ppr,1,3,3,1,3,0,0,12,1,184,1,2025,2025
14,13,half_ppr,1,2,2,1,1,0,0,6,1,182,1,2025,2025
14,13,half_ppr,1,2,2,1,1,0,1,5,1,182,1,2023,2023
14,13,half_ppr,1,2,2,1,2,0,0,5,1,182,1,2025,2025
14,13,ppr,1,2,2,1,0,0,0,6,1,182,1,2025,2025
14,13,ppr,1,2,2,1,1,1,1,4,1,182,1,2024,2024
14,13,ppr,1,2,3,1,1,0,0,5,1,182,1,2021,2021
14,13,ppr,1,2,3,1,1,1,0,4,1,182,1,2022,2022
14,13,ppr,1,2,3,1,2,0,0,4,1,182,1,2021,2021
10,18,half_ppr,1,2,2,1,1,0,0,11,1,180,1,2024,2024
10,18,half_ppr,1,2,2,1,3,0,0,9,1,180,1,2021,2021
10,18,half_ppr,1,2,2,2,2,0,0,9,1,180,1,2020,2020
10,18,half_ppr,1,2,3,0,2,1,1,8,1,180,1,2024,2024
10,18,half_ppr,1,2,3,1,2,0,1,8,1,180,1,2023,2023
10,18,half_ppr,1,2,3,1,3,1,1,6,1,180,1,2025,2025
10,18,ppr,1,0,0,0,9,0,0,8,1,180,1,2021,2021
10,18,ppr,1,1,1,1,0,1,1,8,1,180,1,2020,2020
10,18,ppr,1,1,3,1,2,0,0,10,1,180,1,2022,2022
10,18,ppr,1,2,2,0,3,0,0,10,1,180,1,2022,2022
10,18,ppr,1,2,2,1,0,0,0,10,1,180,1,2022,2022
10,18,ppr,1,2,2,1,0,1,1,8,1,180,1,2021,2021
10,18,ppr,1,2,2,1,1,0,0,10,1,180,1,2022,2022
10,18,ppr,1,2,2,1,1,1,1,0,1,180,1,2022,2022
10,18,ppr,1,2,2,1,2,1,1,7,1,180,1,2024,2024
10,18,ppr,1,2,2,2,2,1,1,7,1,180,1,2025,2025
10,18,ppr,1,2,3,1,0,0,0,9,1,180,1,2022,2022
10,18,ppr,1,2,3,1,1,1,0,8,1,180,1,2022,2022
10,18,ppr,1,2,3,1,3,0,0,0,1,180,1,2021,2021
10,18,ppr,1,2,3,1,3,0,0,10,1,180,1,2022,2022
10,18,ppr,1,2,3,1,3,0,1,7,1,180,1,2021,2021
10,18,std,1,0,0,0,5,1,1,10,1,180,1,2022,2022
10,18,std,1,2,2,1,3,0,0,9,1,180,1,2021,2021
12,15,half_ppr,1,1,1,1,3,1,1,6,1,180,1,2022,2022
12,15,half_ppr,1,1,2,0,4,0,1,6,1,180,1,2022,2022
12,15,half_ppr,1,2,2,1,0,0,1,6,1,180,1,2022,2022
12,15,half_ppr,1,2,2,1,0,1,1,5,1,180,1,2023,2023
12,15,half_ppr,1,2,2,1,2,0,1,0,1,180,1,2022,2022
12,15,half_ppr,1,2,2,1,2,0,1,5,1,180,1,2025,2025
12,15,half_ppr,1,2,2,1,2,1,0,6,1,180,1,2020,2020
12,15,half_ppr,1,2,2,1,2,1,1,11,1,180,1,2024,2024
12,15,half_ppr,1,2,2,1,3,1,0,5,1,180,1,2023,2023
12,15,half_ppr,1,2,3,1,0,0,0,6,1,180,1,2025,2025
12,15,half_ppr,1,2,3,1,1,0,0,6,1,180,1,2022,2022
12,15,half_ppr,1,2,3,1,3,0,0,5,1,180,1,2024,2024
12,15,ppr,1,1,1,1,4,1,0,6,1,180,1,2023,2023
12,15,ppr,1,1,2,1,1,1,1,6,1,180,1,2023,2023
12,15,ppr,1,1,3,1,3,0,0,6,1,180,1,2020,2020
12,15,ppr,1,2,0,0,1,0,1,7,1,180,1,2023,2023
12,15,ppr,1,2,0,0,2,0,1,7,1,180,1,2022,2022
12,15,ppr,1,2,2,1,0,0,0,7,1,180,1,2022,2022
12,15,ppr,1,2,2,1,1,0,1,6,1,180,1,2023,2023
12,15,ppr,1,2,2,1,1,1,0,6,1,180,1,2025,2025
12,15,ppr,1,2,2,1,2,1,1,10,1,180,1,2022,2022
12,15,ppr,1,2,2,1,2,1,1,12,1,180,1,2025,2025
12,15,ppr,1,2,2,1,3,0,0,5,1,180,1,2022,2022
12,15,ppr,1,2,2,1,3,0,1,0,1,180,1,2021,2021
12,15,ppr,1,2,2,2,2,2,0,4,1,180,1,2021,2021
12,15,ppr,1,2,3,0,2,0,0,7,1,180,1,2023,2023
12,15,ppr,1,2,3,0,3,0,0,6,1,180,1,2025,2025
12,15,ppr,1,2,3,1,0,0,0,5,1,180,1,2023,2023
12,15,ppr,1,2,3,1,1,1,0,0,1,180,1,2023,2023
12,15,ppr,1,2,3,1,1,1,1,0,1,180,1,2021,2021
12,15,ppr,1,2,3,1,2,0,0,0,1,180,1,2022,2022
12,15,ppr,1,2,3,1,2,0,0,1,1,180,1,2022,2022
12,15,ppr,1,2,3,1,2,1,0,5,1,180,1,2023,2023
12,15,ppr,1,2,3,1,2,1,1,1,1,180,1,2024,2024
12,15,ppr,1,2,3,1,3,0,0,0,1,180,1,2022,2022
12,15,std,1,2,2,1,3,0,0,6,1,180,1,2024,2024
12,15,std,1,2,3,1,3,0,0,5,1,180,1,2022,2022
8,22,ppr,1,2,2,1,3,0,1,12,1,176,1,2021,2021
8,22,ppr,1,2,2,1,4,0,0,12,1,176,1,2022,2022
8,22,ppr,1,2,2,2,4,0,0,11,1,176,1,2022,2022
8,22,ppr,1,2,3,1,3,0,0,12,1,176,1,2021,2021
8,22,ppr,1,3,3,2,5,0,0,8,1,176,1,2021,2021
10,17,half_ppr,1,2,2,1,0,1,1,8,1,170,1,2024,2024
10,17,half_ppr,1,2,2,1,1,0,0,6,1,170,1,2020,2020
10,17,half_ppr,1,2,2,1,3,1,1,6,1,170,1,2023,2023
10,17,half_ppr,1,2,3,1,2,0,1,0,1,170,1,2023,2023
10,17,ppr,1,0,0,0,9,0,0,7,1,170,1,2025,2025
10,17,ppr,1,2,2,0,2,0,0,8,1,170,1,2023,2023
10,17,ppr,1,2,2,0,4,0,0,8,1,170,1,2022,2022
10,17,ppr,1,2,2,1,0,1,1,8,1,170,1,2024,2024
10,17,ppr,1,2,2,1,1,0,1,8,1,170,1,2024,2024
10,17,ppr,1,2,2,1,2,0,0,0,1,170,1,2023,2023
10,17,ppr,1,2,2,1,2,1,1,8,1,170,1,2025,2025
10,17,ppr,1,2,2,2,1,1,1,7,1,170,1,2024,2024
10,17,ppr,1,2,3,1,0,1,1,6,1,170,1,2020,2020
10,17,ppr,1,2,3,1,1,0,0,8,1,170,1,2021,2021
10,17,ppr,1,2,3,1,1,0,1,8,1,170,1,2022,2022
10,17,ppr,1,2,3,1,1,1,0,8,1,170,1,2025,2025
10,17,ppr,1,2,3,1,2,0,0,7,1,170,1,2023,2023
10,17,ppr,1,2,3,1,2,0,0,12,1,170,1,2024,2024
10,17,ppr,1,3,3,1,2,0,0,7,1,170,1,2021,2021
10,17,std,1,2,3,1,0,1,1,8,1,170,1,2023,2023
10,17,std,1,2,3,1,2,0,0,8,1,170,1,2021,2021
8,21,half_ppr,1,2,3,1,2,1,1,10,1,168,1,2020,2020
8,21,ppr,1,2,2,1,2,0,0,10,1,168,1,2023,2023
8,21,ppr,1,2,2,1,3,0,0,12,1,168,1,2024,2024
8,21,ppr,1,2,3,2,3,0,0,10,1,168,1,2024,2024
8,21,ppr,1,3,3,1,3,0,0,10,1,168,1,2023,2023
8,21,ppr,1,3,3,2,3,1,0,8,1,168,1,2023,2023
12,14,half_ppr,1,2,2,0,2,0,0,6,1,168,1,2022,2022
12,14,half_ppr,1,2,2,0,3,0,0,6,1,168,1,2020,2020
12,14,half_ppr,1,2,2,1,0,1,1,5,1,168,1,2021,2021
12,14,half_ppr,1,2,2,1,1,0,0,6,1,168,1,2020,2020
12,14,half_ppr,1,2,2,1,1,1,0,6,1,168,1,2024,2024
12,14,half_ppr,1,2,2,1,2,0,0,5,1,168,1,2022,2022
12,14,half_ppr,1,2,2,1,2,0,1,0,1,168,1,2021,2021
12,14,half_ppr,1,2,2,1,2,1,0,5,1,168,1,2020,2020
12,14,half_ppr,1,2,2,1,3,0,1,4,1,168,1,2022,2022
12,14,half_ppr,1,2,3,0,2,0,1,5,1,168,1,2023,2023
12,14,half_ppr,1,2,3,1,1,0,0,8,1,168,1,2024,2024
12,14,ppr,1,1,1,1,1,0,0,7,1,168,1,2022,2022
12,14,ppr,1,1,1,1,1,1,1,5,1,168,1,2021,2021
12,14,ppr,1,1,1,1,2,1,1,6,1,168,1,2025,2025
12,14,ppr,1,1,1,1,3,1,1,5,1,168,1,2025,2025
12,14,ppr,1,1,2,1,1,0,0,6,1,168,1,2023,2023
12,14,ppr,1,1,2,1,2,1,1,5,1,168,1,2022,2022
12,14,ppr,1,1,2,1,3,0,1,5,1,168,1,2023,2023
12,14,ppr,1,2,2,0,3,0,0,6,1,168,1,2022,2022
12,14,ppr,1,2,2,1,0,0,0,5,1,168,1,2021,2021
12,14,ppr,1,2,2,1,0,0,1,6,1,168,1,2025,2025
12,14,ppr,1,2,2,1,0,1,1,0,1,168,1,2023,2023
12,14,ppr,1,2,2,1,0,1,1,5,1,168,1,2025,2025
12,14,ppr,1,2,2,1,1,0,0,6,1,168,1,2024,2024
12,14,ppr,1,2,2,1,1,0,1,5,1,168,1,2023,2023
12,14,ppr,1,2,2,1,1,1,0,6,1,168,1,2024,2024
12,14,ppr,1,2,2,1,2,0,0,1,1,168,1,2024,2024
12,14,ppr,1,2,2,1,2,0,1,0,1,168,1,2022,2022
12,14,ppr,1,2,3,1,0,0,1,11,1,168,1,2023,2023
12,14,ppr,1,2,3,1,2,0,0,6,1,168,1,2022,2022
12,14,ppr,1,3,3,1,1,0,0,5,1,168,1,2023,2023
12,14,std,1,1,1,1,5,0,0,5,1,168,1,2024,2024
12,14,std,1,1,2,1,0,1,1,6,1,168,1,2020,2020
12,14,std,1,2,2,1,2,0,0,6,1,168,1,2025,2025
12,14,std,1,2,3,1,0,1,1,5,1,168,1,2021,2021
14,12,half_ppr,1,2,2,1,1,0,0,5,1,168,1,2020,2020
14,12,half_ppr,1,2,2,1,2,0,0,4,1,168,1,2024,2024
14,12,ppr,1,1,2,1,1,0,0,6,1,168,1,2022,2022
14,12,ppr,1,2,2,1,2,0,0,4,1,168,1,2025,2025
8,20,half_ppr,1,2,2,1,2,0,0,12,1,160,1,2025,2025
8,20,half_ppr,1,2,3,1,3,0,0,10,1,160,1,2021,2021
8,20,half_ppr,1,3,3,1,3,0,0,9,1,160,1,2021,2021
8,20,ppr,1,2,2,1,2,1,1,8,1,160,1,2020,2020
8,20,ppr,1,2,2,1,2,1,1,9,1,160,1,2021,2021
8,20,ppr,1,2,2,1,3,0,0,11,1,160,1,2021,2021
8,20,ppr,1,2,2,2,1,1,1,7,1,160,1,2021,2021
8,20,ppr,1,2,3,1,1,0,0,12,1,160,1,2022,2022
8,20,ppr,1,2,3,1,3,0,0,10,1,160,1,2021,2021
8,20,ppr,1,3,3,1,3,1,0,8,1,160,1,2023,2023
10,16,half_ppr,1,1,1,1,3,0,0,9,1,160,1,2022,2022
10,16,half_ppr,1,2,2,1,0,1,1,7,1,160,1,2023,2023
10,16,half_ppr,1,2,2,1,2,0,1,6,1,160,1,2022,2022
10,16,half_ppr,1,2,3,1,1,0,0,8,1,160,1,2023,2023
10,16,half_ppr,1,2,3,1,2,1,0,6,1,160,1,2021,2021
10,16,half_ppr,1,2,3,1,3,0,0,6,1,160,1,2024,2024
10,16,half_ppr,1,3,1,1,3,0,0,7,1,160,1,2024,2024
10,16,ppr,1,1,1,1,5,0,1,6,1,160,1,2023,2023
10,16,ppr,1,1,2,1,4,0,0,1,1,160,1,2020,2020
10,16,ppr,1,1,3,1,1,0,0,8,1,160,1,2022,2022
10,16,ppr,1,2,0,0,2,0,1,8,1,160,1,2021,2021
10,16,ppr,1,2,2,0,3,1,1,6,1,160,1,2023,2023
10,16,ppr,1,2,2,1,0,1,1,8,1,160,1,2022,2022
10,16,ppr,1,2,2,1,1,1,1,0,1,160,1,2021,2021
10,16,ppr,1,2,2,1,1,1,1,5,1,160,1,2025,2025
10,16,ppr,1,2,2,1,1,2,1,5,1,160,1,2024,2024
10,16,ppr,1,2,2,1,2,1,1,5,1,160,1,2021,2021
10,16,ppr,1,2,2,1,2,1,1,7,1,160,1,2025,2025
10,16,ppr,1,2,2,1,2,1,1,8,1,160,1,2024,2024
10,16,ppr,1,2,2,1,4,0,1,5,1,160,1,2022,2022
10,16,ppr,1,2,2,1,4,1,1,4,1,160,1,2023,2023
10,16,ppr,1,2,2,2,4,0,0,5,1,160,1,2020,2020
10,16,ppr,1,2,3,1,0,0,1,6,1,160,1,2020,2020
10,16,ppr,1,2,3,1,0,1,0,8,1,160,1,2025,2025
10,16,ppr,1,2,3,1,1,0,1,6,1,160,1,2021,2021
10,16,ppr,1,2,3,1,2,0,0,6,1,160,1,2023,2023
10,16,ppr,1,2,3,2,2,0,1,5,1,160,1,2025,2025
10,16,std,1,2,2,1,0,1,1,7,1,160,1,2022,2022
10,16,std,1,2,2,1,1,1,1,0,1,160,1,2021,2021
10,16,std,1,2,2,1,2,0,1,7,1,160,1,2021,2021
10,16,std,1,2,2,1,2,1,1,6,1,160,1,2020,2020
10,16,std,1,2,2,1,3,0,1,6,1,160,1,2022,2022
10,16,std,1,2,3,1,2,0,0,7,1,160,1,2025,2025
12,13,half_ppr,1,2,2,1,0,1,1,5,1,156,1,2020,2020
12,13,half_ppr,1,2,2,1,1,0,0,1,1,156,1,2021,2021
12,13,half_ppr,1,2,3,1,2,0,0,4,1,156,1,2023,2023
12,13,half_ppr,1,2,3,1,2,1,1,2,1,156,1,2020,2020
12,13,ppr,1,1,2,1,2,1,0,5,1,156,1,2021,2021
12,13,ppr,1,2,2,1,1,0,0,5,1,156,1,2022,2022
12,13,ppr,1,2,2,1,2,1,0,4,1,156,1,2022,2022
12,13,ppr,1,2,3,0,2,0,0,5,1,156,1,2022,2022
12,13,ppr,1,2,3,1,1,0,0,6,1,156,1,2022,2022
12,13,std,1,1,2,1,0,1,0,6,1,156,1,2021,2021
8,19,half_ppr,1,2,2,1,2,1,1,9,1,152,1,2021,2021
8,19,half_ppr,1,2,2,1,4,0,0,9,1,152,1,2025,2025
8,19,ppr,1,2,2,1,3,0,1,9,1,152,1,2021,2021
8,19,ppr,1,2,2,1,3,1,1,8,1,152,1,2022,2022
8,19,ppr,1,2,2,1,4,1,1,7,1,152,1,2020,2020
8,19,ppr,1,2,2,1,5,1,1,6,1,152,1,2020,2020
8,19,ppr,1,2,3,1,2,0,1,9,1,152,1,2024,2024
8,19,ppr,1,3,2,1,2,0,0,8,1,152,1,2023,2023
8,19,ppr,1,3,3,1,3,0,1,7,1,152,1,2020,2020
8,19,ppr,1,3,3,1,4,0,0,7,1,152,1,2024,2024
8,19,ppr,1,3,4,1,2,0,1,7,1,152,1,2020,2020
8,18,ppr,1,2,2,1,3,1,0,8,1,150,1,2025,2025
10,15,half_ppr,1,2,0,0,1,1,1,7,1,150,1,2022,2022
10,15,half_ppr,1,2,2,1,1,0,1,7,1,150,1,2020,2020
10,15,half_ppr,1,2,2,1,1,1,1,5,1,150,1,2023,2023
10,15,half_ppr,1,2,2,1,2,1,0,6,1,150,1,2025,2025
10,15,half_ppr,1,2,3,1,1,0,0,7,1,150,1,2024,2024
10,15,half_ppr,1,2,3,1,1,1,1,0,1,150,1,2021,2021
10,15,ppr,1,1,1,1,3,0,0,8,1,150,1,2021,2021
10,15,ppr,1,1,1,1,4,0,0,7,1,150,1,2021,2021
10,15,ppr,1,1,2,1,2,1,1,6,1,150,1,2023,2023
10,15,ppr,1,1,2,1,3,0,0,7,1,150,1,2025,2025
10,15,ppr,1,1,2,1,3,1,1,5,1,150,1,2024,2024
10,15,ppr,1,2,2,0,2,0,0,7,1,150,1,2024,2024
10,15,ppr,1,2,2,1,0,0,0,6,1,150,1,2022,2022
10,15,ppr,1,2,2,1,0,0,0,7,1,150,1,2022,2022
10,15,ppr,1,2,2,1,0,0,1,6,1,150,1,2021,2021
10,15,ppr,1,2,2,1,0,1,1,5,1,150,1,2020,2020
10,15,ppr,1,2,2,1,2,0,1,0,1,150,1,2021,2021
10,15,ppr,1,2,2,1,2,1,1,9,1,150,1,2025,2025
10,15,ppr,1,2,3,1,1,0,0,0,1,150,1,2023,2023
10,15,ppr,1,2,3,1,2,1,1,4,1,150,1,2020,2020
10,15,ppr,1,2,3,2,0,0,0,7,1,150,1,2025,2025
10,15,ppr,1,3,3,1,2,0,0,5,1,150,1,2023,2023
10,15,std,1,1,2,1,3,1,1,5,1,150,1,2020,2020
10,15,std,1,2,2,1,0,1,1,0,1,150,1,2021,2021
10,15,std,1,2,2,1,1,1,1,1,1,150,1,2021,2021
10,15,std,1,2,2,1,3,0,1,5,1,150,1,2024,2024
8,18,half_ppr,1,1,1,1,0,1,1,9,1,144,1,2020,2020
8,18,half_ppr,1,2,2,1,2,1,1,8,1,144,1,2022,2022
8,18,half_ppr,1,2,2,1,3,1,1,7,1,144,1,2024,2024
8,18,half_ppr,1,2,3,1,0,0,0,9,1,144,1,2022,2022
8,18,ppr,1,1,1,1,0,0,0,14,1,144,1,2022,2022
8,18,ppr,1,2,2,1,1,0,1,8,1,144,1,2021,2021
8,18,ppr,1,2,2,1,1,1,0,10,1,144,1,2022,2022
8,18,ppr,1,2,2,1,1,1,1,0,1,144,1,2021,2021
8,18,ppr,1,2,2,1,2,0,1,8,1,144,1,2020,2020
8,18,ppr,1,2,2,1,2,1,1,10,1,144,1,2024,2024
8,18,ppr,1,2,2,1,3,0,0,9,1,144,1,2021,2021
8,18,ppr,1,2,2,1,4,0,0,8,1,144,1,2021,2021
8,18,ppr,1,2,2,2,2,0,0,8,1,144,1,2021,2021
8,18,ppr,1,2,2,2,2,0,0,9,1,144,1,2022,2022
8,18,ppr,1,2,3,1,2,1,1,7,1,144,1,2021,2021
8,18,ppr,1,2,3,1,3,0,0,8,1,144,1,2022,2022
8,18,std,1,2,2,1,1,1,1,9,1,144,1,2020,2020
12,12,half_ppr,1,2,2,1,1,1,0,4,1,144,1,2025,2025
12,12,half_ppr,1,2,3,1,1,0,0,0,1,144,1,2024,2024
12,12,ppr,1,1,1,1,3,0,0,5,1,144,1,2022,2022
12,12,ppr,1,1,1,1,3,1,0,4,1,144,1,2025,2025
12,12,ppr,1,2,2,0,2,0,0,5,1,144,1,2022,2022
12,12,ppr,1,2,2,1,1,1,1,0,1,144,1,2021,2021
12,12,ppr,1,2,2,1,2,0,0,0,1,144,1,2023,2023
12,12,ppr,1,2,2,1,2,0,0,6,1,144,1,2022,2022
12,12,ppr,1,2,3,1,1,0,1,3,1,144,1,2024,2024
12,12,ppr,1,2,3,1,2,0,0,1,1,144,1,2023,2023
12,12,ppr,1,2,3,1,3,0,0,2,1,144,1,2024,2024
12,12,std,1,2,2,1,1,0,0,5,1,144,1,2023,2023
12,12,ppr,1,2,2,1,1,1,1,3,1,143,1,2021,2021
10,14,half_ppr,1,2,2,0,2,1,0,6,1,140,1,2021,2021
10,14,half_ppr,1,2,2,1,0,1,1,5,1,140,1,2021,2021
10,14,half_ppr,1,2,2,1,1,0,1,4,1,140,1,2020,2020
10,14,half_ppr,1,2,2,1,2,1,1,4,1,140,1,2021,2021
10,14,half_ppr,1,2,2,1,3,0,1,4,1,140,1,2022,2022
10,14,ppr,1,1,2,1,2,1,1,5,1,140,1,2022,2022
10,14,ppr,1,2,2,0,2,0,0,6,1,140,1,2021,2021
10,14,ppr,1,2,2,0,2,0,1,6,1,140,1,2020,2020
10,14,ppr,1,2,2,0,3,0,1,5,1,140,1,2021,2021
10,14,ppr,1,2,2,1,0,0,0,6,1,140,1,2024,2024
10,14,ppr,1,2,2,1,2,1,1,0,1,140,1,2025,2025
10,14,ppr,1,2,2,1,2,1,1,4,1,140,1,2021,2021
10,14,ppr,1,2,3,1,1,0,1,7,1,140,1,2022,2022
10,14,ppr,1,2,3,1,1,1,0,5,1,140,1,2025,2025
10,14,ppr,1,2,3,1,2,0,0,1,1,140,1,2025,2025
10,14,ppr,1,2,3,2,0,0,0,6,1,140,1,2025,2025
10,14,std,1,2,2,1,0,1,1,5,1,140,1,2024,2024
10,14,std,1,2,2,1,1,1,1,5,1,140,1,2024,2024
10,14,std,1,2,2,1,2,0,0,6,1,140,1,2021,2021
8,17,half_ppr,1,2,3,1,2,0,0,8,1,136,1,2021,2021
8,17,ppr,1,2,2,0,2,1,1,8,1,136,1,2024,2024
8,17,ppr,1,2,2,1,1,0,0,8,1,136,1,2024,2024
8,17,ppr,1,2,2,1,2,0,0,8,1,136,1,2025,2025
8,17,ppr,1,2,2,1,2,1,1,6,1,136,1,2025,2025
8,17,ppr,1,2,2,1,3,0,1,7,1,136,1,2025,2025
8,17,ppr,1,2,2,1,4,1,1,5,1,136,1,2024,2024
8,17,ppr,1,2,3,1,0,0,0,10,1,136,1,2022,2022
8,17,ppr,1,2,3,1,3,0,1,6,1,136,1,2020,2020
10,13,half_ppr,1,2,2,0,1,0,0,0,1,130,1,2021,2021
10,13,half_ppr,1,2,2,1,1,0,0,6,1,130,1,2025,2025
10,13,ppr,1,1,1,1,1,0,0,8,1,130,1,2024,2024
10,13,ppr,1,2,2,0,3,0,0,5,1,130,1,2022,2022
10,13,ppr,1,2,2,0,3,1,1,3,1,130,1,2025,2025
10,13,ppr,1,2,2,1,1,0,1,5,1,130,1,2022,2022
10,13,ppr,1,2,2,1,1,1,0,5,1,130,1,2022,2022
10,13,ppr,1,2,2,1,2,0,0,7,1,130,1,2024,2024
10,13,ppr,1,2,3,1,1,0,0,5,1,130,1,2024,2024
10,13,ppr,1,2,3,1,3,0,0,3,1,130,1,2023,2023
8,16,half_ppr,1,2,2,1,1,1,1,5,1,128,1,2021,2021
8,16,half_ppr,1,2,2,1,2,1,0,7,1,128,1,2021,2021
8,16,half_ppr,1,2,2,1,3,0,1,6,1,128,1,2025,2025
8,16,ppr,1,0,0,0,15,0,0,0,1,128,1,2020,2020
8,16,ppr,1,2,2,0,2,1,1,7,1,128,1,2024,2024
8,16,ppr,1,2,2,1,0,0,0,7,1,128,1,2021,2021
8,16,ppr,1,2,2,1,0,1,1,6,1,128,1,2025,2025
8,16,ppr,1,2,2,1,2,0,1,7,1,128,1,2020,2020
8,16,ppr,1,2,2,1,3,1,1,6,1,128,1,2024,2024
8,16,ppr,1,2,2,2,2,1,1,5,1,128,1,2023,2023
8,16,ppr,1,2,3,1,0,1,0,8,1,128,1,2024,2024
8,16,ppr,1,2,3,1,1,1,2,5,1,128,1,2024,2024
8,16,ppr,1,2,3,1,2,0,0,6,1,128,1,2021,2021
8,16,ppr,1,3,2,1,0,1,0,6,1,128,1,2020,2020
8,16,std,1,2,2,1,2,0,0,8,1,128,1,2021,2021
8,16,std,1,2,2,1,2,1,1,6,1,128,1,2020,2020
8,15,half_ppr,1,2,2,1,2,0,0,7,1,120,1,2025,2025
8,15,half_ppr,1,2,2,1,2,0,1,6,1,120,1,2023,2023
8,15,half_ppr,1,2,2,1,2,1,1,0,1,120,1,2022,2022
8,15,half_ppr,1,2,2,1,3,0,1,5,1,120,1,2024,2024
8,15,half_ppr,1,2,3,1,3,0,0,5,1,120,1,2023,2023
8,15,ppr,1,0,0,0,8,0,0,6,1,120,1,2024,2024
8,15,ppr,1,1,2,1,1,1,1,6,1,120,1,2022,2022
8,15,ppr,1,2,0,0,3,0,1,6,1,120,1,2020,2020
8,15,ppr,1,2,2,0,1,1,1,7,1,120,1,2021,2021
8,15,ppr,1,2,2,1,1,0,0,6,1,120,1,2025,2025
8,15,ppr,1,2,2,1,2,1,1,3,1,120,1,2023,2023
8,15,ppr,1,2,2,1,2,1,1,6,1,120,1,2025,2025
8,15,ppr,1,2,2,1,2,1,1,9,1,120,1,2021,2021
8,15,ppr,1,2,2,1,3,1,1,4,1,120,1,2025,2025
8,15,ppr,1,2,3,0,2,0,0,7,1,120,1,2023,2023
8,15,ppr,1,2,3,1,3,0,0,5,1,120,1,2023,2023
8,15,std,1,2,2,1,1,1,1,0,1,120,1,2021,2021
8,15,std,1,2,2,1,1,1,1,6,1,120,1,2025,2025
10,12,ppr,1,1,2,1,2,0,0,5,1,120,1,2023,2023
10,12,ppr,1,2,2,1,0,0,0,4,1,120,1,2023,2023
10,12,ppr,1,2,2,1,0,0,0,5,1,120,1,2023,2023
10,12,ppr,1,2,2,1,1,1,1,3,1,120,1,2023,2023
10,12,ppr,1,2,3,1,1,0,0,1,1,120,1,2024,2024
10,12,ppr,1,2,3,1,1,0,0,4,1,120,1,2021,2021
10,12,std,1,1,1,1,0,1,1,6,1,120,1,2022,2022
8,14,half_ppr,1,2,2,1,1,1,0,5,1,112,1,2022,2022
8,14,ppr,1,2,2,1,1,0,0,6,1,112,1,2024,2024
8,14,ppr,1,2,2,1,2,1,0,5,1,112,1,2025,2025
8,14,ppr,1,2,2,1,2,1,1,4,1,112,1,2021,2021
8,14,ppr,1,2,3,1,1,0,0,6,1,112,1,2020,2020
8,14,ppr,1,2,3,1,3,0,0,4,1,112,1,2024,2024
8,14,std,1,2,2,1,1,1,1,5,1,112,1,2025,2025
8,13,half_ppr,1,2,2,1,1,0,0,6,1,104,1,2024,2024
8,13,half_ppr,1,2,2,1,3,0,1,5,1,104,1,2024,2024
8,13,ppr,1,2,2,1,0,1,1,5,1,104,1,2020,2020
8,13,ppr,1,2,2,1,1,1,1,4,1,104,1,2025,2025
8,13,ppr,1,2,2,1,2,0,0,0,1,104,1,2023,2023
8,12,ppr,1,1,1,1,0,1,1,6,1,96,1,2022,2022
8,12,ppr,1,1,1,1,3,0,0,5,1,96,1,2024,2024
8,12,ppr,1,2,2,1,0,0,1,5,1,96,1,2022,2022
