season,teams,scoring_type,fold,train_drafts,test_drafts,known_pick_coverage,strategy,n,log_loss,multiclass_brier,top1_accuracy,top5_accuracy,ici,e50,e90,emax,calibration_intercept,calibration_slope
2020,10,ppr,50,50,43,0.990366687383468,adp_only,6374.0,3.435733951532594,0.9561068216749627,0.13664888609978035,0.4683087543144023,0.0009129333111673728,0.00045953209477289994,0.00045953209477289994,0.26204796134217334,0.8225303712841422,1.2342272147468252
2020,10,ppr,50,50,43,0.990366687383468,position_baseline,6374.0,3.426443567896902,0.9555748960210128,0.13398180106683402,0.4670536554753687,0.0008618259886066576,0.00043367817648333126,0.00043367817648333126,0.27932590028636395,0.8753339791065005,1.2495759010138112
2020,10,ppr,50,50,43,0.990366687383468,roster_aware,6374.0,3.352117204333303,0.9487777775968756,0.164261060558519,0.49356761844995295,0.0007433230596713029,0.0003757940474561003,0.0003757940474561003,0.48749728272593407,0.6737533692724753,1.196073638406654
2020,10,ppr,50,50,43,0.990366687383468,run_aware,6374.0,3.407256770591908,0.9541999084879935,0.14621901474741136,0.45262001882648256,0.000903361227197971,0.0004547914146471252,0.0004547914146471252,0.26086933524146877,0.845477997845813,1.2423659929986264
2020,10,ppr,50,50,43,0.990366687383468,next_turn_aware,6374.0,3.426943551227571,0.9556564596303408,0.13272670222780045,0.46689676812048947,0.0008810791379638165,0.00044342668043623884,0.00044342668043623884,0.2696030232282808,0.862928924579551,1.2460642540365754
2020,10,ppr,50,50,43,0.990366687383468,roster_plus_run,6374.0,3.337329659880993,0.9471236674990783,0.17194854094759962,0.480859742704738,0.00047687655530313696,0.00024110400120986447,0.00024110400120986447,0.7026784160805252,0.6802504639359922,1.1987578232981666
2020,10,ppr,50,50,43,0.990366687383468,roster_plus_next_turn,6374.0,3.3480936830073453,0.9482272756946204,0.15877000313774708,0.4951364919987449,0.0005905219977872893,0.0002986074300000939,0.0002986074300000939,0.7137738583394757,0.6775121858509406,1.1972932588027807
2020,10,ppr,50,50,43,0.990366687383468,opponent_aware,6374.0,3.3331352499914897,0.9465014568811899,0.17210542830247882,0.48289927831816754,0.00044418126165743377,0.00021228816404499085,0.00021228816404499085,0.719952971271324,0.681323832062792,1.1992079038365118
2020,12,half_ppr,50,50,10,0.9969951923076923,adp_only,1659.0,3.2768407784869527,0.9502803524522017,0.1723930078360458,0.5207956600361664,0.002309821308397535,0.001173243132499592,0.001173243132499592,0.4401583561485722,0.03778357380599874,1.0114363399959028
2020,12,half_ppr,50,50,10,0.9969951923076923,position_baseline,1659.0,3.267164046714685,0.9502666849219552,0.1717902350813743,0.5226039783001808,0.002186119620368209,0.0011155012589369774,0.0011155012589369774,0.49496362361340773,0.03923948878631183,1.0119050303421278
2020,12,half_ppr,50,50,10,0.9969951923076923,roster_aware,1659.0,3.1705345668496485,0.9429777951436416,0.17962628089210367,0.5509342977697408,0.002293027874218429,0.0011737613886016116,0.0011737613886016116,0.4090110733619835,0.09793596004529442,1.03038784464807
2020,12,half_ppr,50,50,10,0.9969951923076923,run_aware,1659.0,3.2519562314452197,0.9484445901824204,0.1717902350813743,0.5183845690174804,0.0017906711855599216,0.0009135603575964289,0.0009135603575964289,0.4796849795551759,0.06712040091415225,1.020434619758688
2020,12,half_ppr,50,50,10,0.9969951923076923,next_turn_aware,1659.0,3.267277343733683,0.9503709051546233,0.1717902350813743,0.5213984327908379,0.002282032267546198,0.0011645567024533565,0.0011645567024533565,0.45492889949700366,0.0376985491986083,1.011437794944651
2020,12,half_ppr,50,50,10,0.9969951923076923,roster_plus_run,1659.0,3.161130461372662,0.9410170665690801,0.18806509945750452,0.5467148884870404,0.0018004121653216363,0.0009214180903545886,0.0009214180903545886,0.43679083715981826,0.12185632739513659,1.0378924336988817
2020,12,half_ppr,50,50,10,0.9969951923076923,roster_plus_next_turn,1659.0,3.1635487696094535,0.9422639715730419,0.17962628089210367,0.5599758890898131,0.0021728243609646326,0.0011088968307244595,0.0011088968307244595,0.4607813638155079,0.10794327857804438,1.033529543116726
2020,12,half_ppr,50,50,10,0.9969951923076923,opponent_aware,1659.0,3.1538771753013264,0.9402533674343918,0.18806509945750452,0.5467148884870404,0.0017413719606071592,0.0008912023910108563,0.0008912023910108563,0.48204102545797434,0.13140615021828997,1.0409101809260692
2020,12,ppr,50,50,59,0.9878003352579624,adp_only,10607.0,3.749585038165111,0.971362442875975,0.12510606203450553,0.4108607523333648,8.984815038596361e-05,4.494683158321605e-05,4.494683158321605e-05,0.13129008490242555,1.5571607630307682,1.4126613373238472
2020,12,ppr,50,50,59,0.9878003352579624,position_baseline,10607.0,3.73591350800929,0.9710078750074573,0.1279343829546526,0.40690110304515886,9.490349186803339e-05,4.747631913565309e-05,4.747631913565309e-05,0.159094417614158,1.6956941122649507,1.4502967309390362
2020,12,ppr,50,50,59,0.9878003352579624,roster_aware,10607.0,3.6579746376365305,0.9647389587640118,0.1636655039125106,0.4382954652587914,0.000403207312975941,0.0001983160387943328,0.0001983160387943328,0.10625367461641497,1.3558523499518889,1.3662541482161359
2020,12,ppr,50,50,59,0.9878003352579624,run_aware,10607.0,3.7252841646375545,0.9702887382893504,0.12180635429433392,0.36683322334307533,0.00012464317003370494,6.162730968053629e-05,6.162730968053629e-05,0.22926111852684677,1.4709456797286913,1.3919538558543827
2020,12,ppr,50,50,59,0.9878003352579624,next_turn_aware,10607.0,3.734510818720858,0.9709392069314547,0.12633166776656923,0.4045441689450363,9.610857984703915e-05,4.807980893524466e-05,4.807980893524466e-05,0.15877605720999322,1.7047909235140617,1.452828860511618
2020,12,ppr,50,50,59,0.9878003352579624,roster_plus_run,10607.0,3.6516928000886715,0.9636831922950991,0.1592344678042802,0.4044498915810314,0.0004291790539703354,0.00021317843330340147,0.00021317843330340147,0.09376115261717921,1.238995076173999,1.3354997897996561
2020,12,ppr,50,50,59,0.9878003352579624,roster_plus_next_turn,10607.0,3.656582227306445,0.964373562599928,0.16046007353634392,0.4388611294428208,0.00040005313412064616,0.0001962131503617584,0.0001962131503617584,0.11459140158399533,1.3226209996258038,1.3574355040442228
2020,12,ppr,50,50,59,0.9878003352579624,opponent_aware,10607.0,3.6502467772575606,0.9632223387193997,0.15716036579617235,0.40303573112095786,0.0003993919786974254,0.00020018353427229615,0.00020018353427229615,0.2715147881615235,1.2017989964284317,1.3255749816670948
2021,10,ppr,50,50,50,0.976105985332387,adp_only,8252.0,3.5306747011880923,0.998891901426731,0.13184682501211828,0.4738245273873,0.004375875837414617,0.0022167031936096704,0.0022167031936096704,0.8587808777830178,-0.7255059914370497,0.7941426941738507
2021,10,ppr,50,50,50,0.976105985332387,position_baseline,8252.0,3.527357675632147,0.9978495765457378,0.13523994183228308,0.4693407658749394,0.004252904028831809,0.002154350772656813,0.002154350772656813,0.900075519040004,-0.716100458043141,0.7966381834358065
2021,10,ppr,50,50,50,0.976105985332387,roster_aware,8252.0,3.4378627502892645,0.9925512537977951,0.1512360639844886,0.49527387300048475,0.003973315286027825,0.0020172909836964,0.0020172909836964,0.9036447470667613,-0.5494010122640862,0.841567324573295
2021,10,ppr,50,50,50,0.976105985332387,run_aware,8252.0,3.5137896197685037,0.9968524532020324,0.13427047988366456,0.4659476490547746,0.00431131470568523,0.00218479164737723,0.00218479164737723,0.9046505812567599,-0.6970022040861272,0.8014473371390551
2021,10,ppr,50,50,50,0.976105985332387,next_turn_aware,8252.0,3.5256993624107418,0.9978705411492436,0.13305865244789142,0.4661900145419292,0.004273783023565798,0.0021653257121065674,0.0021653257121065674,0.9001029631446797,-0.7110674624481429,0.7980194495080984
2021,10,ppr,50,50,50,0.976105985332387,roster_plus_run,8252.0,3.4260966196242646,0.9910441442195622,0.15426563257392148,0.4926078526417838,0.0039676169085145615,0.0020149925077242656,0.0020149925077242656,0.906379757257692,-0.5357988032324041,0.8450521484295287
2021,10,ppr,50,50,50,0.976105985332387,roster_plus_next_turn,8252.0,3.4380729198324436,0.992565533308313,0.15159961221522056,0.4951526902569074,0.0039726067637195755,0.002016951100797939,0.002016951100797939,0.9036005767382785,-0.5503714992993448,0.8412892176840415
2021,10,ppr,50,50,50,0.976105985332387,opponent_aware,8252.0,3.4261897268381927,0.9910471043512842,0.15378090159961222,0.4918807561803199,0.003968701311355156,0.002015478777618089,0.002015478777618089,0.9063277070651639,-0.536514004303828,0.8448452811190191
2021,12,ppr,50,50,100,0.9921562349927966,adp_only,18594.0,4.962388362845617,1.3665824357488692,0.059642895557706785,0.40615252231902765,0.020990839897352277,0.010701305321270997,0.010701305321270997,0.958653272174681,-3.0512546706404007,0.1597466343884986
2021,12,ppr,50,50,100,0.9921562349927966,position_baseline,18594.0,4.971584567785785,1.368294273632306,0.06023448424222867,0.4074432612670754,0.021073493751373084,0.010743936970640284,0.010743936970640284,0.9591128589146397,-3.0528777813770147,0.15910444062052503
2021,12,ppr,50,50,100,0.9921562349927966,roster_aware,18594.0,4.843848686832511,1.3502252934058347,0.060664730558244596,0.4329891362805206,0.020488889688055498,0.010462944317937546,0.010462944317937546,0.9620206578570579,-2.8777979872629276,0.19240990747570685
2021,12,ppr,50,50,100,0.9921562349927966,run_aware,18594.0,4.963976713294679,1.367532561495666,0.060342045821232655,0.4009357857373346,0.021065721489515344,0.010739950907139847,0.010739950907139847,0.9599202821873006,-3.032854523531807,0.16276000544031013
2021,12,ppr,50,50,100,0.9921562349927966,next_turn_aware,18594.0,4.968111183993421,1.3677298716512918,0.060557168979240614,0.40717435731956547,0.021057184333128334,0.010735668926746525,0.010735668926746525,0.9590202485907188,-3.0507511950087842,0.15959359084321126
2021,12,ppr,50,50,100,0.9921562349927966,roster_plus_run,18594.0,4.840508988444018,1.3499734369940122,0.0595891147682048,0.4286866731203614,0.02048180699369628,0.010458375504462483,0.010458375504462483,0.9625517102636695,-2.8668087138542777,0.1943107187332081
2021,12,ppr,50,50,100,0.9921562349927966,roster_plus_next_turn,18594.0,4.851435566682503,1.3513303889074753,0.06152522319027643,0.43358072496504246,0.020502109225902575,0.010469557287637881,0.010469557287637881,0.9622788508674115,-2.8800413592025467,0.19164270412166806
2021,12,ppr,50,50,100,0.9921562349927966,opponent_aware,18594.0,4.848104104614777,1.3510780604912924,0.05969667634720878,0.4289017962783694,0.020498120916834874,0.010467210704490951,0.010467210704490951,0.9627816558901987,-2.8689949965610686,0.1935473516421413
2021,12,ppr,150,150,18,0.9920255183413078,adp_only,3110.0,4.04406755903065,1.1948449039732012,0.10032154340836012,0.4758842443729904,0.013712735383021821,0.006949998172623045,0.006949998172623045,0.9340364347241814,-2.1981355869037937,0.3788696675476687
2021,12,ppr,150,150,18,0.9920255183413078,position_baseline,3110.0,4.040693580284481,1.1946081786510272,0.09967845659163987,0.4739549839228296,0.013732522495708971,0.00695952829847,0.00695952829847,0.932481725060754,-2.1928636528089633,0.380045493196949
2021,12,ppr,150,150,18,0.9920255183413078,roster_aware,3110.0,3.976602832745568,1.1840404526118669,0.11672025723472669,0.4954983922829582,0.013249245920581593,0.0067376853160334566,0.0067376853160334566,0.9334883842568056,-2.09667524900698,0.39802802771056295
2021,12,ppr,150,150,18,0.9920255183413078,run_aware,3110.0,4.0344482846109475,1.1924548240308084,0.10610932475884244,0.4572347266881029,0.013601666373309076,0.006892224142545828,0.006892224142545828,0.9338761704780012,-2.1815212703363107,0.38207225867733574
2021,12,ppr,150,150,18,0.9920255183413078,next_turn_aware,3110.0,4.038498058149496,1.1929905172244875,0.10096463022508038,0.47266881028938906,0.013667653468615513,0.006928187097198106,0.006928187097198106,0.9322865201207075,-2.189952947547263,0.3807780572877689
2021,12,ppr,150,150,18,0.9920255183413078,roster_plus_run,3110.0,3.971808139463734,1.182267610288534,0.12090032154340837,0.4887459807073955,0.013082456897651503,0.006653041397219164,0.006653041397219164,0.9359126678163467,-2.0902699096259454,0.39915580671190704
2021,12,ppr,150,150,18,0.9920255183413078,roster_plus_next_turn,3110.0,3.9776024497172786,1.1847927852252154,0.11832797427652733,0.49485530546623796,0.013252715317791543,0.006739317515227874,0.006739317515227874,0.9335590840890557,-2.097226039724238,0.3976809746103814
2021,12,ppr,150,150,18,0.9920255183413078,opponent_aware,3110.0,3.97306691253568,1.183148706765477,0.12057877813504823,0.4845659163987138,0.013105991196645562,0.006664922588913703,0.006664922588913703,0.9357530902268394,-2.0911719853988453,0.39869284288275775
2022,10,ppr,50,50,58,0.984115523465704,adp_only,9541.0,3.2909161957769824,0.9447224577836424,0.16591552248192012,0.5103238654229116,0.0021832072323646266,0.0011247952216141104,0.0011247952216141104,0.5449228850368648,-0.3647482965365806,0.886896963904351
2022,10,ppr,50,50,58,0.984115523465704,position_baseline,9541.0,3.278333144226626,0.9436435222176757,0.1736715229011634,0.5162980819620585,0.00177959576398897,0.0009170472531664468,0.0009170472531664468,0.38136739098826944,-0.34753172434071883,0.8919226745479029
2022,10,ppr,50,50,58,0.984115523465704,roster_aware,9541.0,3.1968198435903257,0.9365428408908227,0.1892883345561262,0.540299758935122,0.0018616638099026455,0.0007355773340405655,0.0007355773340405655,0.8506212577362937,-0.28576813899096654,0.9094772357891481
2022,10,ppr,50,50,58,0.984115523465704,run_aware,9541.0,3.2717606142073437,0.9434848948386976,0.16675400901373022,0.5179750550256786,0.0017101406376918875,0.0008815606139131998,0.0008815606139131998,0.4805505807336251,-0.3379348923383405,0.8947724947054273
2022,10,ppr,50,50,58,0.984115523465704,next_turn_aware,9541.0,3.278393935969366,0.9436195442186865,0.1739859553505922,0.5158788386961535,0.001805059972317561,0.0009301351403616966,0.0009301351403616966,0.3850705105135093,-0.3486268857278304,0.891575034216228
2022,10,ppr,50,50,58,0.984115523465704,roster_plus_run,9541.0,3.191455544918224,0.9360579062814833,0.18750655067602975,0.5427104077140761,0.001830438020851158,0.0006526481520033427,0.0006526481520033427,0.8521995049038393,-0.27797078508198564,0.9118509929619817
2022,10,ppr,50,50,58,0.984115523465704,roster_plus_next_turn,9541.0,3.196977360859673,0.9362374847011614,0.18991719945498375,0.541033434650456,0.0018360625133609007,0.0007349890917565799,0.0007349890917565799,0.8531160529237578,-0.29218601843408276,0.9074021305724435
2022,10,ppr,50,50,58,0.984115523465704,opponent_aware,9541.0,3.1916222523038735,0.9357414543710947,0.18792579394193482,0.5434440834294099,0.0018229145685974752,0.0006486047299991606,0.0006486047299991606,0.8547003726783828,-0.28454444165698184,0.9097246969284565
2022,12,ppr,50,50,100,0.9908953722334004,adp_only,19699.0,3.43139904735654,0.9591688907702232,0.15437331844256053,0.4954566221635616,0.002871008639301047,0.0014697809740863814,0.0014697809740863814,0.6634087334110457,-0.5812672673023519,0.8258836301204623
2022,12,ppr,50,50,100,0.9908953722334004,position_baseline,19699.0,3.4278124951556093,0.9594792037842976,0.15909437027260268,0.49753794608863394,0.002800570023989876,0.001434441818632573,0.001434441818632573,0.7051177037928003,-0.6092729326507995,0.8169344663160187
2022,12,ppr,50,50,100,0.9908953722334004,roster_aware,19699.0,3.377507825349348,0.9557014440576534,0.16823188994365196,0.5093659576628256,0.002505976683017023,0.001284430448156914,0.001284430448156914,0.6885567263392087,-0.53321906873839,0.8382475540091983
2022,12,ppr,50,50,100,0.9908953722334004,run_aware,19699.0,3.4250031728309467,0.9595068106695366,0.15442408244073302,0.49571044215442406,0.0028223561890517693,0.0014456682175886873,0.0014456682175886873,0.7366032438891769,-0.6077543419697558,0.8172560138016156
2022,12,ppr,50,50,100,0.9908953722334004,next_turn_aware,19699.0,3.4294320716322493,0.9594930965542966,0.15934819026346514,0.49774100208132394,0.0028280023309124624,0.0014483740989979128,0.0014483740989979128,0.724508793568805,-0.6181916301589799,0.8142041131238845
2022,12,ppr,50,50,100,0.9908953722334004,roster_plus_run,19699.0,3.3752042066154284,0.9557965737848545,0.1636631301081273,0.5083506776993756,0.0024450029612254186,0.0012532645746426672,0.0012532645746426672,0.6984255031266678,-0.5330367938611488,0.8381998258971719
2022,12,ppr,50,50,100,0.9908953722334004,roster_plus_next_turn,19699.0,3.378342317963417,0.9555544827339473,0.16868876592720441,0.5125133255495202,0.0025144600957770842,0.0012890962988488068,0.0012890962988488068,0.683904180531268,-0.5427075105878995,0.8352633725381835
2022,12,ppr,50,50,100,0.9908953722334004,opponent_aware,19699.0,3.376166731107756,0.9556873304689387,0.1650337580587847,0.5108888776080004,0.0025074449187811347,0.0012856281813601565,0.0012856281813601565,0.6995068374145508,-0.5431551484247722,0.8350211253467795
2022,12,ppr,150,150,32,0.9889057750759879,adp_only,6507.0,3.4168115758376936,0.9615424684778514,0.14615029967727064,0.467035500230521,0.003451593284812228,0.001768130893923081,0.001768130893923081,0.5056725553418602,-0.47776739079222075,0.8570952307519193
2022,12,ppr,150,150,32,0.9889057750759879,position_baseline,6507.0,3.4164694724676403,0.9623335479622989,0.14737974489011835,0.46765022283694485,0.003488212082216111,0.001788290163310259,0.001788290163310259,0.5446555251334044,-0.5082799808478123,0.8476463445799021
2022,12,ppr,150,150,32,0.9889057750759879,roster_aware,6507.0,3.3665496420066767,0.9579701938802104,0.1602889196250192,0.4857845397264484,0.003185810660340983,0.001635148245503322,0.001635148245503322,0.49742989715116376,-0.4692610278756723,0.8575902017718228
2022,12,ppr,150,150,32,0.9889057750759879,run_aware,6507.0,3.410980864144662,0.9620586274236336,0.14492085446442293,0.4698017519594283,0.003409752893451192,0.0017478466489042783,0.0017478466489042783,0.4634648673908223,-0.496794131226259,0.8509606064853985
2022,12,ppr,150,150,32,0.9889057750759879,next_turn_aware,6507.0,3.415731114429175,0.9621749893259957,0.14830182879975412,0.4694943906562164,0.003386637647000359,0.0017354332870458608,0.0017354332870458608,0.6641765335933627,-0.5077554698863193,0.847771381390218
2022,12,ppr,150,150,32,0.9889057750759879,roster_plus_run,6507.0,3.361352935865683,0.9576348168389781,0.16121100353465498,0.48440141386199476,0.0031463244278902304,0.001614825567377267,0.001614825567377267,0.5691981142879842,-0.458694402567784,0.8606887845254528
2022,12,ppr,150,150,32,0.9889057750759879,roster_plus_next_turn,6507.0,3.3645328224790862,0.9576794275408069,0.1619794067926848,0.48824343015214383,0.0032035438228088216,0.0016444365501218777,0.0016444365501218777,0.5004351162028,-0.4680732376283907,0.8578674076881435
2022,12,ppr,150,150,32,0.9889057750759879,opponent_aware,6507.0,3.359399643572931,0.9573552066096314,0.16121100353465498,0.4859382203780544,0.0031210193397555553,0.0016021308038084783,0.0016021308038084783,0.5648547892995721,-0.4576108873558887,0.8609387658336976
2023,10,ppr,50,50,57,0.9968208726156544,adp_only,9093.0,3.3759950748043868,0.9440287229286615,0.17002089519410535,0.5242494226327945,7.279398372039071e-06,5.907046867273391e-08,5.907046867273391e-08,0.02761696298806912,1.874696649882255,1.5364908661667929
2023,10,ppr,50,50,57,0.9968208726156544,position_baseline,9093.0,3.364381713162687,0.9432700266752081,0.1747498075442648,0.5184207632244584,5.572354728077079e-05,2.7976747417213926e-05,2.7976747417213926e-05,0.6974196422870205,1.8639466158273112,1.5350170459573482
2023,10,ppr,50,50,57,0.9968208726156544,roster_aware,9093.0,3.2942259037786927,0.9375506489350272,0.1912460134169141,0.5416254261519851,0.0005261331129220679,0.00026284770871447954,0.00026284770871447954,0.4041098564043666,1.8825271441100186,1.547758979303942
2023,10,ppr,50,50,57,0.9968208726156544,run_aware,9093.0,3.3628356799435832,0.9432745205623909,0.1734301110744529,0.5154514461673815,6.127732006225466e-05,3.076339568600789e-05,3.076339568600789e-05,0.6895507418586816,1.8641101198452328,1.5352631443258915
2023,10,ppr,50,50,57,0.9968208726156544,next_turn_aware,9093.0,3.363804745022118,0.943263264439121,0.17408995930935886,0.5175409655779171,3.9896785577048486e-05,2.0031374439885563e-05,2.0031374439885563e-05,0.6976211555232041,1.8666764880887259,1.5358482653436898
2023,10,ppr,50,50,57,0.9968208726156544,roster_plus_run,9093.0,3.2931279024053115,0.9374642766820246,0.1883866710656549,0.543604970856703,0.0005577500798996183,0.000278748458068509,0.000278748458068509,0.4030190816809669,1.8841371074645088,1.5483895547954962
2023,10,ppr,50,50,57,0.9968208726156544,roster_plus_next_turn,9093.0,3.2943705888267,0.9374807515142389,0.19212581106345542,0.540305729682173,0.0005335012315388297,0.0002674774384966473,0.0002674774384966473,0.4013596035927803,1.8673930240892296,1.5434368899955515
2023,10,ppr,50,50,57,0.9968208726156544,opponent_aware,9093.0,3.2933159941857024,0.9374034312308702,0.1886066204772902,0.5434949961508853,0.0005285855680425664,0.0002658738990484813,0.0002658738990484813,0.13402691669623612,1.869773887567904,1.544281485257269
2023,12,ppr,50,50,100,0.9963202826022961,adp_only,20307.0,3.164966276613057,0.9372943878204224,0.16767617077854927,0.5340030531343871,0.0006799758221406214,0.000216405173040439,0.000216405173040439,0.7470223480207693,0.6082122708257723,1.1862543625191126
2023,12,ppr,50,50,100,0.9963202826022961,position_baseline,20307.0,3.169306229527511,0.937105547874759,0.1701876200325011,0.5290293987295022,0.0006639654266717303,0.0001918743015937481,0.0001918743015937481,0.7498166221615058,0.5636093598029341,1.172717499082932
2023,12,ppr,50,50,100,0.9963202826022961,roster_aware,20307.0,3.1238043898650183,0.9320633930959226,0.18973752893091053,0.5424237947505787,0.000811148253978612,4.77795996223114e-05,4.77795996223114e-05,0.8016178778345302,0.5252694967521779,1.1628044179758217
2023,12,ppr,50,50,100,0.9963202826022961,run_aware,20307.0,3.1669375520153955,0.9370499560483042,0.17245284877135963,0.5303097454079874,0.0006783370088061299,0.0001817653382851503,0.0001817653382851503,0.7304529699875751,0.5672909293990502,1.1739263493678198
2023,12,ppr,50,50,100,0.9963202826022961,next_turn_aware,20307.0,3.168643808400816,0.9369841192221824,0.17043384054759442,0.5300142807898754,0.0006568020051552847,0.00019404865672371582,0.00019404865672371582,0.7483707183532395,0.5612904943746659,1.172047618180772
2023,12,ppr,50,50,100,0.9963202826022961,roster_plus_run,20307.0,3.1222546117378975,0.9320576007635064,0.18865415866449992,0.5438026296351012,0.0007758425599811624,2.8192861390257534e-05,2.8192861390257534e-05,0.61666100491739,0.5274689551419008,1.1635355229366047
2023,12,ppr,50,50,100,0.9963202826022961,roster_plus_next_turn,20307.0,3.120602441656012,0.9315543554243266,0.19032845816713448,0.5446397793864185,0.0009033203431409176,9.877981293078889e-05,9.877981293078889e-05,0.8082907074978251,0.5263088777105644,1.1632664453768502
2023,12,ppr,50,50,100,0.9963202826022961,opponent_aware,20307.0,3.1189501229958143,0.9315450723049192,0.1884079381494066,0.5470034963313143,0.0008453909552121664,6.912834510506075e-05,6.912834510506075e-05,0.8024211376878282,0.5286931328228187,1.164059277831105
2023,12,ppr,150,150,72,0.9884534401956123,adp_only,14553.0,3.3542413348788944,0.9483785636630595,0.15797430083144368,0.5198240912526627,0.0021245295714282506,0.0010930173534014782,0.0010930173534014782,0.7908595522655352,-0.5610426162346259,0.8273187254975061
2023,12,ppr,150,150,72,0.9884534401956123,position_baseline,14553.0,3.3555008438422824,0.9472529825156122,0.15893630179344465,0.5225726654298083,0.0020121165850369997,0.0009913155176970393,0.0009913155176970393,0.7750702108404091,-0.5661383152002205,0.8256127593559145
2023,12,ppr,150,150,72,0.9884534401956123,roster_aware,14553.0,3.2923243200229577,0.9414639675275455,0.17130488559059986,0.5357658214801072,0.002028047162702518,0.0006301027639790107,0.0006301027639790107,0.9035565079852409,-0.4928218446105271,0.8460718533351758
2023,12,ppr,150,150,72,0.9884534401956123,run_aware,14553.0,3.3534773866746463,0.9472859991361441,0.1600357314643029,0.5209235209235209,0.002055265441716122,0.0009958089509150853,0.0009958089509150853,0.7694925916965564,-0.5668639040632243,0.8252404181944056
2023,12,ppr,150,150,72,0.9884534401956123,next_turn_aware,14553.0,3.356049495514022,0.9470323766895931,0.15721844293272866,0.5229162372019515,0.0020146505171352845,0.0009829981349973628,0.0009829981349973628,0.7757714391092707,-0.5672998628949919,0.8252366100065058
2023,12,ppr,150,150,72,0.9884534401956123,roster_plus_run,14553.0,3.290792540534557,0.9415321711497209,0.17281660138802996,0.5352848209991067,0.002067721799937988,0.0006459276376381568,0.0006459276376381568,0.6602009705251679,-0.49353158217503984,0.845755186093836
2023,12,ppr,150,150,72,0.9884534401956123,roster_plus_next_turn,14553.0,3.29238286972833,0.9409167298320323,0.17281660138802996,0.5381708238851096,0.0020458692512113972,0.000613534474258947,0.000613534474258947,0.672511252860476,-0.49532266176787054,0.845210892850413
2023,12,ppr,150,150,72,0.9884534401956123,opponent_aware,14553.0,3.290903401714684,0.9409746911862055,0.1716484573627431,0.5370026798598228,0.0020785152380161033,0.000621561999832607,0.000621561999832607,0.7079819026190017,-0.49615371419512116,0.8448544489519896
2024,10,ppr,50,50,34,0.9968901846452867,adp_only,5129.0,3.256499306076611,0.941412782376105,0.18658607915773054,0.5441606550984598,0.0018081813305935643,0.00093177725070623,0.00093177725070623,0.5606117882162434,-0.369265304166125,0.8843260524025224
2024,10,ppr,50,50,34,0.9968901846452867,position_baseline,5129.0,3.2485377477043778,0.9389665681330782,0.18970559563267694,0.5521544160655099,0.0016799463213614584,0.0006034199042693512,0.0006034199042693512,0.5886552840269713,-0.3690642033638198,0.8840616795431073
2024,10,ppr,50,50,34,0.9968901846452867,roster_aware,5129.0,3.155813876508349,0.9325906379510587,0.20491323844804055,0.5810099434587639,0.0020491539813102316,0.0004297640226696188,0.0004297640226696188,0.5268090474051886,-0.3593251516072935,0.884289197698501
2024,10,ppr,50,50,34,0.9968901846452867,run_aware,5129.0,3.2386951667738004,0.9387929291580699,0.17995710664846948,0.551179567167089,0.0016127054007786612,0.0005424463081025212,0.0005424463081025212,0.6119095536576917,-0.366073245902392,0.8846444549670398
2024,10,ppr,50,50,34,0.9968901846452867,next_turn_aware,5129.0,3.2507535979178117,0.9399624863263468,0.18990056541236108,0.5496198089296159,0.001691520534086036,0.0006586167038658605,0.0006586167038658605,0.5868156613088326,-0.38007017272312216,0.8806194551546992
2024,10,ppr,50,50,34,0.9968901846452867,roster_plus_run,5129.0,3.1491906089972264,0.9317371169559435,0.20491323844804055,0.5810099434587639,0.0019430793216822918,0.00041831039711370463,0.00041831039711370463,0.4560712954487127,-0.35852618169303585,0.8842599482782862
2024,10,ppr,50,50,34,0.9968901846452867,roster_plus_next_turn,5129.0,3.1549489199353076,0.9323875449261,0.20510820822772471,0.5808149736790797,0.0020307576831661623,0.0004567836354609396,0.0004567836354609396,0.5272018592460486,-0.3578774716237534,0.8847378442100535
2024,10,ppr,50,50,34,0.9968901846452867,opponent_aware,5129.0,3.148421932602027,0.9315426507458514,0.20491323844804055,0.5833495808149737,0.0019503780353739833,0.0004357662483621492,0.0004357662483621492,0.45643904228041476,-0.3569461029757369,0.8847565399094779
2024,12,ppr,50,50,100,0.9965372962054537,adp_only,20721.0,3.194214073081911,0.9424506099813814,0.17228898219197916,0.5104965976545534,0.0014573003958300473,0.0007455854631022406,0.0007455854631022406,0.5020659377406498,0.1820980241192779,1.056104728097447
2024,12,ppr,50,50,100,0.9965372962054537,position_baseline,20721.0,3.18143937324502,0.9402192351203598,0.1763428405964963,0.5169634670141402,0.0011533512797533476,0.0005736907217336815,0.0005736907217336815,0.3874124619824684,0.22768659415985967,1.0703238122570882
2024,12,ppr,50,50,100,0.9965372962054537,roster_aware,20721.0,3.1486048899612853,0.936431964462651,0.18474011872013898,0.5282080980647652,0.0011399745681636249,0.0003567307716950581,0.0003567307716950581,0.5058792984637078,0.2262508239313943,1.0704586455602199
2024,12,ppr,50,50,100,0.9965372962054537,run_aware,20721.0,3.1766712683418183,0.9402545319329797,0.17257854350658752,0.5181699724916751,0.0011943214754458842,0.000537915024902625,0.000537915024902625,0.47466741553023906,0.22025117596838276,1.0681270534894614
2024,12,ppr,50,50,100,0.9965372962054537,next_turn_aware,20721.0,3.178785478301215,0.9400158350290304,0.17595675884368514,0.5177356305197626,0.001161153354184065,0.0005620448399095146,0.0005620448399095146,0.4706736164219709,0.2315847139668278,1.071560598062434
2024,12,ppr,50,50,100,0.9965372962054537,roster_plus_run,20721.0,3.1447126534925745,0.9365503622121297,0.17967279571449254,0.5309589305535447,0.0011633809088334984,0.00037382000148541983,0.00037382000148541983,0.47398467948431566,0.22078570408259607,1.0688377919191594
2024,12,ppr,50,50,100,0.9965372962054537,roster_plus_next_turn,20721.0,3.1432588835129494,0.9359407234697266,0.1828579701751846,0.5299937261715169,0.0011435001488440634,0.0003528077821547092,0.0003528077821547092,0.4705433666838815,0.23327224434582183,1.072713932803395
2024,12,ppr,50,50,100,0.9965372962054537,opponent_aware,20721.0,3.1392917520247465,0.9360616781838383,0.17861107089426187,0.5335167221659186,0.0011767225310231819,0.0003208984648169072,0.0003208984648169072,0.5128989495724703,0.22687951351412383,1.070808102588926
2024,12,ppr,150,150,85,0.9958109622986607,adp_only,16878.0,3.5556233186844226,0.9484138661359666,0.16862187462969547,0.4984002843938855,0.0019770250505143474,0.0010164957533426514,0.0010164957533426514,0.7248190378905329,-0.9533999288162683,0.7149056050959632
2024,12,ppr,150,150,85,0.9958109622986607,position_baseline,16878.0,3.5671455934524903,0.9474622862081774,0.1685033771773907,0.5005332385353715,0.0017463080527840178,0.000864803546426738,0.000864803546426738,0.8380130850488446,-0.9897873140992958,0.703654658559216
2024,12,ppr,150,150,85,0.9958109622986607,roster_aware,16878.0,3.4924134330664622,0.942348740060651,0.17744993482640123,0.5127384761227634,0.001701605624956921,0.0005891099577968757,0.0005891099577968757,0.8373758812779166,-0.8562840411126462,0.7400579868022638
2024,12,ppr,150,150,85,0.9958109622986607,run_aware,16878.0,3.5628561303794544,0.9473638415130375,0.16678516411897143,0.5017182130584192,0.0017326883819198252,0.0008400451909617891,0.0008400451909617891,0.7739821836961137,-0.9849160197113584,0.7047114947395337
2024,12,ppr,150,150,85,0.9958109622986607,next_turn_aware,16878.0,3.570031341361573,0.9473987407571546,0.16968835170043844,0.5017182130584192,0.0017256747330984751,0.0008600679773193599,0.0008600679773193599,0.8406676241998358,-0.9977728656176246,0.7012341783779077
2024,12,ppr,150,150,85,0.9958109622986607,roster_plus_run,16878.0,3.4895305602933235,0.942426748286823,0.17780542718331555,0.5139234506458111,0.001702627712372462,0.000605485747386952,0.000605485747386952,0.7609515487851697,-0.8546404505235744,0.7402892787102419
2024,12,ppr,150,150,85,0.9958109622986607,roster_plus_next_turn,16878.0,3.496108594801707,0.9420942652851628,0.17792392463562035,0.5151676738950113,0.0017284324673879797,0.000564489012360005,0.000564489012360005,0.8337167814676892,-0.8681706623813076,0.7363709001551241
2024,12,ppr,150,150,85,0.9958109622986607,opponent_aware,16878.0,3.4934288708395362,0.9421755674698309,0.17774617845716317,0.5162933996919066,0.001736947549549076,0.0006108394142959727,0.0006108394142959727,0.770723025556615,-0.8670189926035186,0.7364489308539081
2025,10,ppr,50,50,52,0.9977824463118581,adp_only,8549.0,3.374497651754915,0.9555431239064387,0.15101181424728038,0.5249736811322961,0.0017843300089434577,0.000901314961099995,0.000901314961099995,0.621583233645842,0.5758925619810229,1.1663661520192563
2025,10,ppr,50,50,52,0.9977824463118581,position_baseline,8549.0,3.38372950194775,0.9557564104313921,0.15077786875657972,0.5211135805357352,0.00179872979863352,0.0009086723646992076,0.0009086723646992076,0.6205895305863245,0.5112520616487992,1.1476165492746542
2025,10,ppr,50,50,52,0.9977824463118581,roster_aware,8549.0,3.2644095442252703,0.9451705567446252,0.17908527313136038,0.5395952743010879,0.0013829913046491797,0.0007010520648324317,0.0007010520648324317,0.5284244692168761,0.5845392165708454,1.1731561816266116
2025,10,ppr,50,50,52,0.9977824463118581,run_aware,8549.0,3.3807414276877203,0.9563499409207796,0.14539712247046438,0.5136273248333139,0.0018391071339566249,0.0009291577188117912,0.0009291577188117912,0.7190048804503387,0.48020865726771095,1.1388165249496758
2025,10,ppr,50,50,52,0.9977824463118581,next_turn_aware,8549.0,3.3806513027808878,0.9559836936597649,0.14867235934027373,0.5186571528833782,0.0018052836652875934,0.0009121124289722428,0.0009121124289722428,0.6185686967553095,0.5148966711017372,1.1487939691043232
2025,10,ppr,50,50,52,0.9977824463118581,roster_plus_run,8549.0,3.2642470902586846,0.945559917231616,0.17288571762779273,0.5351503099777751,0.0013761192207126002,0.0006975768007674438,0.0006975768007674438,0.7216941910776642,0.5579321996691143,1.165366197700689
2025,10,ppr,50,50,52,0.9977824463118581,roster_plus_next_turn,8549.0,3.2648528591138075,0.9450773988129392,0.17861738214995906,0.5402971107731899,0.0013557795117136139,0.0006872385970089039,0.0006872385970089039,0.5595696537505528,0.5843316436390052,1.1730995967340954
2025,10,ppr,50,50,52,0.9977824463118581,opponent_aware,8549.0,3.264679824976256,0.9454639120095328,0.17405544508129606,0.5336296642882209,0.001349284458585457,0.0006839932784246244,0.0006839932784246244,0.7207309354047227,0.5585513235868325,1.165551322086336
2025,12,half_ppr,50,50,1,0.9868421052631579,adp_only,225.0,3.2512074716536867,0.9400187123553498,0.18666666666666668,0.4888888888888889,0.0005250402250535907,0.00018458629987784872,0.00018458629987784872,0.23208869818359779,0.043052112400524006,1.0132091565193448
2025,12,half_ppr,50,50,1,0.9868421052631579,position_baseline,225.0,3.2689842828347384,0.9414995999060322,0.18666666666666668,0.4888888888888889,0.000808496710750688,0.000359073613125635,0.000359073613125635,0.23708819276545035,-0.05338634159724513,0.9836273379482345
2025,12,half_ppr,50,50,1,0.9868421052631579,roster_aware,225.0,3.2164299492868182,0.9373812056446809,0.19111111111111112,0.5066666666666667,0.00115329625669944,0.00016158107299497557,0.00016158107299497557,0.33134870657246857,0.004365233292030823,1.001353493687681
2025,12,half_ppr,50,50,1,0.9868421052631579,run_aware,225.0,3.267293716409165,0.9414122389934247,0.18222222222222223,0.4888888888888889,0.0010293512877864355,0.0005137416414574304,0.0005137416414574304,0.33625231916537496,-0.05626111359974239,0.9827358285017763
2025,12,half_ppr,50,50,1,0.9868421052631579,next_turn_aware,225.0,3.2649534456942395,0.9409997544172218,0.18666666666666668,0.49333333333333335,0.0008087687724592302,0.00037709818179862756,0.00037709818179862756,0.23750047497118887,-0.042734946242102584,0.9868854148726769
2025,12,half_ppr,50,50,1,0.9868421052631579,roster_plus_run,225.0,3.21621898528459,0.9374340563304645,0.20444444444444446,0.5155555555555555,0.0010422445352121703,5.736644226414511e-05,5.736644226414511e-05,0.33059756542452157,3.3995629004678804e-19,1.0000398091168576
2025,12,half_ppr,50,50,1,0.9868421052631579,roster_plus_next_turn,225.0,3.208615979954805,0.9364463354221069,0.19555555555555557,0.5022222222222222,0.0011576704038808387,1.8377798888091074e-05,1.8377798888091074e-05,0.33233065223448643,0.020016267516496457,1.0062231685756398
2025,12,half_ppr,50,50,1,0.9868421052631579,opponent_aware,225.0,3.2082235208531356,0.9364403848746383,0.2,0.5155555555555555,0.0009896566644828862,4.359853442269246e-05,4.359853442269246e-05,0.21735148944002164,0.016589694451319036,1.0051590805445685
2025,12,ppr,50,50,100,0.9990416624634318,adp_only,19807.0,3.3473062298632543,0.9803559415877152,0.16145807037915888,0.512949967183319,0.004012306790276255,0.0020577942379175016,0.0020577942379175016,0.8937197550585784,-0.7029798823499375,0.7857735490233126
2025,12,ppr,50,50,100,0.9990416624634318,position_baseline,19807.0,3.337755265290875,0.9791813933096188,0.16282122481950825,0.5123946079668804,0.0038713987753056793,0.0019524435083221464,0.0019524435083221464,0.8903059440036939,-0.6896590875035705,0.7894348983452526
2025,12,ppr,50,50,100,0.9990416624634318,roster_aware,19807.0,3.3088713133476886,0.9754430916083,0.1700913818347049,0.5235017922956531,0.0038569821462293347,0.0016660389831894152,0.0016660389831894152,0.8877905352221798,-0.6408621348080491,0.8032927048734099
2025,12,ppr,50,50,100,0.9990416624634318,run_aware,19807.0,3.337359053196755,0.98019979467798,0.15989296713283183,0.5138082496087242,0.0039379732767543885,0.0019166407262446554,0.0019166407262446554,0.88477663280054,-0.7016598054504621,0.7856554996544672
2025,12,ppr,50,50,100,0.9990416624634318,next_turn_aware,19807.0,3.3399305876227543,0.9803928416099638,0.16297268642399151,0.5175947897208057,0.003961927909027687,0.001972530422046894,0.001972530422046894,0.8979261248514678,-0.7238550863981748,0.778714591697582
2025,12,ppr,50,50,100,0.9990416624634318,roster_plus_run,19807.0,3.309072322217063,0.9763925289495368,0.16726409855101732,0.5250164083404857,0.003905765950680828,0.0017186014141678668,0.0017186014141678668,0.8811715687898061,-0.6519575822629677,0.7998200013550316
2025,12,ppr,50,50,100,0.9990416624634318,roster_plus_next_turn,19807.0,3.3071585530848107,0.97664025597526,0.17074771545413236,0.5288029484525673,0.00395647555801326,0.0016719441458553069,0.0016719441458553069,0.8806998332450902,-0.681649953786852,0.7902060291994585
2025,12,ppr,50,50,100,0.9990416624634318,opponent_aware,19807.0,3.3075120778601765,0.9776552531162332,0.16938456101378302,0.5304185389003887,0.004003790751437208,0.00171057921147557,0.00171057921147557,0.8764719245651487,-0.6930972225513309,0.7866115730484092
2025,12,ppr,150,150,59,0.9970948146843912,adp_only,11326.0,3.5995090677489574,0.985198719921573,0.14206251103655307,0.4711283771852375,0.00549551633825701,0.0028254459209538438,0.0028254459209538438,0.9068525981273812,-1.1800499085569507,0.6464054891270734
2025,12,ppr,150,150,59,0.9970948146843912,position_baseline,11326.0,3.5966277781391955,0.9860004484576251,0.14329860497969274,0.4721878862793572,0.005414380159901469,0.0027840540221269906,0.0027840540221269906,0.9070387190155937,-1.1855633766287428,0.6438695554548458
2025,12,ppr,150,150,59,0.9970948146843912,roster_aware,11326.0,3.54405134321061,0.9810732163290615,0.14647713226205192,0.48401907116369414,0.004783676420691173,0.002461749098735642,0.002461749098735642,0.9082080594599778,-1.0976552549142857,0.667319002141969
2025,12,ppr,150,150,59,0.9970948146843912,run_aware,11326.0,3.596021424150797,0.986726043589274,0.14585908529048208,0.47174642415680734,0.005457149064191465,0.002805786060138685,0.002805786060138685,0.9104266969946572,-1.1892873071999812,0.6424674373048362
2025,12,ppr,150,150,59,0.9970948146843912,next_turn_aware,11326.0,3.6024333532902024,0.9876651863821617,0.14365177467773266,0.4742186120430867,0.005482453268938212,0.0028194661180128942,0.0028194661180128942,0.9080262540654771,-1.2065568433232325,0.6373384099820456
2025,12,ppr,150,150,59,0.9970948146843912,roster_plus_run,11326.0,3.5439003976487116,0.9816914253793697,0.14744834893166167,0.48446053328624405,0.004831082378347101,0.0024858831349200486,0.0024858831349200486,0.9093158743722565,-1.1015475524463287,0.6659473392434674
2025,12,ppr,150,150,59,0.9970948146843912,roster_plus_next_turn,11326.0,3.5479445268846352,0.982912513192252,0.14753664135617164,0.4855200423803638,0.004862029004959152,0.002502988376424717,0.002502988376424717,0.9107681003491633,-1.1217075362639377,0.6594851112520315
2025,12,ppr,150,150,59,0.9970948146843912,opponent_aware,11326.0,3.5478043593495623,0.9835836829082076,0.14868444287480134,0.4877273529931132,0.004966026557435569,0.0025562852432179494,0.0025562852432179494,0.9089372024262474,-1.125626777467495,0.6580968566295438
