season,teams,scoring_type,fold,strategy,feature,coefficient
2020,10,ppr,50,adp_only,market_rank,4.665284738214859
2020,10,ppr,50,position_baseline,market_rank,4.717150114939119
2020,10,ppr,50,position_baseline,QB,-0.11830690611753843
2020,10,ppr,50,position_baseline,RB,-0.08569134087392322
2020,10,ppr,50,position_baseline,WR,-0.033587025748752775
2020,10,ppr,50,position_baseline,TE,-0.09419754136801747
2020,10,ppr,50,position_baseline,K,0.33178281410908445
2020,10,ppr,50,roster_aware,market_rank,4.696335386510855
2020,10,ppr,50,roster_aware,starter_need,-1.008146127698141
2020,10,ppr,50,roster_aware,roster_count,2.0273507445193215
2020,10,ppr,50,roster_aware,starter_need_late,4.234889903129604
2020,10,ppr,50,roster_aware,QB,-0.05144615520460069
2020,10,ppr,50,roster_aware,RB,0.46559648790328395
2020,10,ppr,50,roster_aware,WR,0.4849176626762266
2020,10,ppr,50,roster_aware,TE,-0.07679596469161608
2020,10,ppr,50,roster_aware,K,-0.8222720306831148
2020,10,ppr,50,run_aware,market_rank,4.765546662524369
2020,10,ppr,50,run_aware,recent_position_run,1.0562288609314996
2020,10,ppr,50,run_aware,QB,-0.029039043937078502
2020,10,ppr,50,run_aware,RB,-0.24192507792551457
2020,10,ppr,50,run_aware,WR,-0.2069501071902165
2020,10,ppr,50,run_aware,TE,0.0023869647116044903
2020,10,ppr,50,run_aware,K,0.4755272643420255
2020,10,ppr,50,next_turn_aware,market_rank,4.711556838410798
2020,10,ppr,50,next_turn_aware,next_turn_demand,0.03475145701809683
2020,10,ppr,50,next_turn_aware,next_turn_competition,0.21805696702944816
2020,10,ppr,50,next_turn_aware,QB,-0.10430725609299256
2020,10,ppr,50,next_turn_aware,RB,-0.06338429487656959
2020,10,ppr,50,next_turn_aware,WR,-0.015975551080231482
2020,10,ppr,50,next_turn_aware,TE,-0.10150143051636543
2020,10,ppr,50,next_turn_aware,K,0.28516853256694574
2020,10,ppr,50,roster_plus_run,market_rank,4.737759538545143
2020,10,ppr,50,roster_plus_run,starter_need,-0.9109486181521792
2020,10,ppr,50,roster_plus_run,roster_count,1.833836272379628
2020,10,ppr,50,roster_plus_run,recent_position_run,0.9056019593530756
2020,10,ppr,50,roster_plus_run,starter_need_late,4.010000111366202
2020,10,ppr,50,roster_plus_run,QB,0.03190476714210947
2020,10,ppr,50,roster_plus_run,RB,0.3086945530295301
2020,10,ppr,50,roster_plus_run,WR,0.3177208600679678
2020,10,ppr,50,roster_plus_run,TE,0.0135855853296883
2020,10,ppr,50,roster_plus_run,K,-0.6719057655702922
2020,10,ppr,50,roster_plus_next_turn,market_rank,4.711464049240442
2020,10,ppr,50,roster_plus_next_turn,starter_need,-0.9488633835188226
2020,10,ppr,50,roster_plus_next_turn,roster_count,1.9122311409092763
2020,10,ppr,50,roster_plus_next_turn,next_turn_demand,-0.39787383358825756
2020,10,ppr,50,roster_plus_next_turn,next_turn_competition,-0.13913508245627992
2020,10,ppr,50,roster_plus_next_turn,starter_need_late,4.310474596520453
2020,10,ppr,50,roster_plus_next_turn,QB,-0.08840306053480393
2020,10,ppr,50,roster_plus_next_turn,RB,0.4096540096606384
2020,10,ppr,50,roster_plus_next_turn,WR,0.4395644103391177
2020,10,ppr,50,roster_plus_next_turn,TE,-0.07207013330274648
2020,10,ppr,50,roster_plus_next_turn,K,-0.6887452261615713
2020,10,ppr,50,opponent_aware,market_rank,4.754999098438085
2020,10,ppr,50,opponent_aware,starter_need,-0.8445904440770644
2020,10,ppr,50,opponent_aware,roster_count,1.7084823931324753
2020,10,ppr,50,opponent_aware,recent_position_run,0.9162349664000656
2020,10,ppr,50,opponent_aware,next_turn_demand,-0.4462403197989832
2020,10,ppr,50,opponent_aware,next_turn_competition,-0.12500905510189536
2020,10,ppr,50,opponent_aware,starter_need_late,4.0793569028810825
2020,10,ppr,50,opponent_aware,QB,-0.005110310052970827
2020,10,ppr,50,opponent_aware,RB,0.24641085304741503
2020,10,ppr,50,opponent_aware,WR,0.26665535283857084
2020,10,ppr,50,opponent_aware,TE,0.019478296428155885
2020,10,ppr,50,opponent_aware,K,-0.5274341922618162
2020,12,half_ppr,50,adp_only,market_rank,6.5578384124242985
2020,12,half_ppr,50,position_baseline,market_rank,6.614479335689681
2020,12,half_ppr,50,position_baseline,QB,-0.18796851735004302
2020,12,half_ppr,50,position_baseline,RB,-0.01438661763617859
2020,12,half_ppr,50,position_baseline,WR,0.0042747069625095994
2020,12,half_ppr,50,position_baseline,TE,-0.12911913643976788
2020,12,half_ppr,50,position_baseline,K,0.327199564462128
2020,12,half_ppr,50,roster_aware,market_rank,6.600086471220497
2020,12,half_ppr,50,roster_aware,starter_need,-0.8635035797139062
2020,12,half_ppr,50,roster_aware,roster_count,2.7796839598637497
2020,12,half_ppr,50,roster_aware,starter_need_late,3.842005213086571
2020,12,half_ppr,50,roster_aware,QB,-0.25274273380004064
2020,12,half_ppr,50,roster_aware,RB,0.6439783221789922
2020,12,half_ppr,50,roster_aware,WR,0.6169213466853888
2020,12,half_ppr,50,roster_aware,TE,-0.24040233690864807
2020,12,half_ppr,50,roster_aware,K,-0.7677545981584759
2020,12,half_ppr,50,run_aware,market_rank,6.633991848843445
2020,12,half_ppr,50,run_aware,recent_position_run,0.8438069126454825
2020,12,half_ppr,50,run_aware,QB,-0.10432969920050937
2020,12,half_ppr,50,run_aware,RB,-0.14174600385869823
2020,12,half_ppr,50,run_aware,WR,-0.13901361657926328
2020,12,half_ppr,50,run_aware,TE,-0.04421123223511916
2020,12,half_ppr,50,run_aware,K,0.4293005518731588
2020,12,half_ppr,50,next_turn_aware,market_rank,6.610098830086383
2020,12,half_ppr,50,next_turn_aware,next_turn_demand,0.15157755495038414
2020,12,half_ppr,50,next_turn_aware,next_turn_competition,-0.010480491633546423
2020,12,half_ppr,50,next_turn_aware,QB,-0.18657596655171393
2020,12,half_ppr,50,next_turn_aware,RB,-0.0005005159686556449
2020,12,half_ppr,50,next_turn_aware,WR,0.015116270562263405
2020,12,half_ppr,50,next_turn_aware,TE,-0.13834824843366658
2020,12,half_ppr,50,next_turn_aware,K,0.31030846038989907
2020,12,half_ppr,50,roster_plus_run,market_rank,6.614705084724837
2020,12,half_ppr,50,roster_plus_run,starter_need,-0.7811706516139603
2020,12,half_ppr,50,roster_plus_run,roster_count,2.602371708827411
2020,12,half_ppr,50,roster_plus_run,recent_position_run,0.6749832181463639
2020,12,half_ppr,50,roster_plus_run,starter_need_late,3.663634003266894
2020,12,half_ppr,50,roster_plus_run,QB,-0.17729727040424573
2020,12,half_ppr,50,roster_plus_run,RB,0.5216508152804749
2020,12,half_ppr,50,roster_plus_run,WR,0.4856880698165647
2020,12,half_ppr,50,roster_plus_run,TE,-0.16645917914077307
2020,12,half_ppr,50,roster_plus_run,K,-0.6635824355541036
2020,12,half_ppr,50,roster_plus_next_turn,market_rank,6.621617545159957
2020,12,half_ppr,50,roster_plus_next_turn,starter_need,-0.7755598967439872
2020,12,half_ppr,50,roster_plus_next_turn,roster_count,2.6376401994314045
2020,12,half_ppr,50,roster_plus_next_turn,next_turn_demand,-0.3438922136879295
2020,12,half_ppr,50,roster_plus_next_turn,next_turn_competition,-0.36951696180181753
2020,12,half_ppr,50,roster_plus_next_turn,starter_need_late,3.907983113592168
2020,12,half_ppr,50,roster_plus_next_turn,QB,-0.2744245700096836
2020,12,half_ppr,50,roster_plus_next_turn,RB,0.5624502923822625
2020,12,half_ppr,50,roster_plus_next_turn,WR,0.5507214657634261
2020,12,half_ppr,50,roster_plus_next_turn,TE,-0.21205486327931125
2020,12,half_ppr,50,roster_plus_next_turn,K,-0.6266923248590066
2020,12,half_ppr,50,opponent_aware,market_rank,6.638813755170872
2020,12,half_ppr,50,opponent_aware,starter_need,-0.6811336461065802
2020,12,half_ppr,50,opponent_aware,roster_count,2.4428969596289782
2020,12,half_ppr,50,opponent_aware,recent_position_run,0.6899812667870628
2020,12,half_ppr,50,opponent_aware,next_turn_demand,-0.3851528684257205
2020,12,half_ppr,50,opponent_aware,next_turn_competition,-0.36649338495604367
2020,12,half_ppr,50,opponent_aware,starter_need_late,3.7166415244308877
2020,12,half_ppr,50,opponent_aware,QB,-0.1970971386551634
2020,12,half_ppr,50,opponent_aware,RB,0.4311786105240437
2020,12,half_ppr,50,opponent_aware,WR,0.4113955683965585
2020,12,half_ppr,50,opponent_aware,TE,-0.13457796977205094
2020,12,half_ppr,50,opponent_aware,K,-0.5108990704953897
2020,12,ppr,50,adp_only,market_rank,2.156608058606238
2020,12,ppr,50,position_baseline,market_rank,2.1805528178329934
2020,12,ppr,50,position_baseline,QB,-0.1351485314978894
2020,12,ppr,50,position_baseline,RB,-0.04617331492167736
2020,12,ppr,50,position_baseline,WR,-0.05745625358225572
2020,12,ppr,50,position_baseline,TE,-0.14397845428973652
2020,12,ppr,50,position_baseline,K,0.3827565542944896
2020,12,ppr,50,roster_aware,market_rank,2.1152591831038237
2020,12,ppr,50,roster_aware,starter_need,-0.4583013892227485
2020,12,ppr,50,roster_aware,roster_count,1.3348344100198568
2020,12,ppr,50,roster_aware,starter_need_late,3.1543796965526454
2020,12,ppr,50,roster_aware,QB,-0.08264923683599693
2020,12,ppr,50,roster_aware,RB,0.3382570163987557
2020,12,ppr,50,roster_aware,WR,0.3197657573986009
2020,12,ppr,50,roster_aware,TE,-0.15594961961946413
2020,12,ppr,50,roster_aware,K,-0.41942391734020784
2020,12,ppr,50,run_aware,market_rank,2.2066698191976917
2020,12,ppr,50,run_aware,recent_position_run,0.9165286870078332
2020,12,ppr,50,run_aware,QB,-0.06259623457629422
2020,12,ppr,50,run_aware,RB,-0.1783636820676283
2020,12,ppr,50,run_aware,WR,-0.21954319017043455
2020,12,ppr,50,run_aware,TE,-0.07425480827974093
2020,12,ppr,50,run_aware,K,0.5347579150969729
2020,12,ppr,50,next_turn_aware,market_rank,2.167736622531636
2020,12,ppr,50,next_turn_aware,next_turn_demand,0.13478329576627593
2020,12,ppr,50,next_turn_aware,next_turn_competition,0.21727081118771538
2020,12,ppr,50,next_turn_aware,QB,-0.11507626498649201
2020,12,ppr,50,next_turn_aware,RB,-0.022171505068490555
2020,12,ppr,50,next_turn_aware,WR,-0.03766802442090159
2020,12,ppr,50,next_turn_aware,TE,-0.15626573170711877
2020,12,ppr,50,next_turn_aware,K,0.3311815261859303
2020,12,ppr,50,roster_plus_run,market_rank,2.1398237117827623
2020,12,ppr,50,roster_plus_run,starter_need,-0.37587121751684965
2020,12,ppr,50,roster_plus_run,roster_count,1.225177086627073
2020,12,ppr,50,roster_plus_run,recent_position_run,0.8132868576538662
2020,12,ppr,50,roster_plus_run,starter_need_late,2.9639640636720994
2020,12,ppr,50,roster_plus_run,QB,-0.012836358723051403
2020,12,ppr,50,roster_plus_run,RB,0.20869084895808462
2020,12,ppr,50,roster_plus_run,WR,0.16465624044049962
2020,12,ppr,50,roster_plus_run,TE,-0.08786027466197421
2020,12,ppr,50,roster_plus_run,K,-0.2726504560117116
2020,12,ppr,50,roster_plus_next_turn,market_rank,2.127473792184328
2020,12,ppr,50,roster_plus_next_turn,starter_need,-0.44607304625738603
2020,12,ppr,50,roster_plus_next_turn,roster_count,1.2814606613150397
2020,12,ppr,50,roster_plus_next_turn,next_turn_demand,-0.3142921610601646
2020,12,ppr,50,roster_plus_next_turn,next_turn_competition,-0.10870464967899567
2020,12,ppr,50,roster_plus_next_turn,starter_need_late,3.2630054777700908
2020,12,ppr,50,roster_plus_next_turn,QB,-0.11455411740438287
2020,12,ppr,50,roster_plus_next_turn,RB,0.3050735538021776
2020,12,ppr,50,roster_plus_next_turn,WR,0.2911446274373696
2020,12,ppr,50,roster_plus_next_turn,TE,-0.152131122871897
2020,12,ppr,50,roster_plus_next_turn,K,-0.32953294096157726
2020,12,ppr,50,opponent_aware,market_rank,2.1536117953226133
2020,12,ppr,50,opponent_aware,starter_need,-0.3617498348380617
2020,12,ppr,50,opponent_aware,roster_count,1.1664608116196313
2020,12,ppr,50,opponent_aware,recent_position_run,0.8215619551452406
2020,12,ppr,50,opponent_aware,next_turn_demand,-0.3577819428933205
2020,12,ppr,50,opponent_aware,next_turn_competition,-0.09786618585605292
2020,12,ppr,50,opponent_aware,starter_need_late,3.0752623428775316
2020,12,ppr,50,opponent_aware,QB,-0.04593278870699063
2020,12,ppr,50,opponent_aware,RB,0.17114271671223036
2020,12,ppr,50,opponent_aware,WR,0.13190586579199456
2020,12,ppr,50,opponent_aware,TE,-0.08286634925758303
2020,12,ppr,50,opponent_aware,K,-0.17424944453920493
2021,10,ppr,50,adp_only,market_rank,5.384962617285025
2021,10,ppr,50,position_baseline,market_rank,5.444444687034886
2021,10,ppr,50,position_baseline,QB,-0.012562488978108135
2021,10,ppr,50,position_baseline,RB,-0.07112124495330152
2021,10,ppr,50,position_baseline,WR,0.05288259439665095
2021,10,ppr,50,position_baseline,TE,0.05534203366300426
2021,10,ppr,50,position_baseline,K,-0.02454089412746556
2021,10,ppr,50,roster_aware,market_rank,5.423653907733181
2021,10,ppr,50,roster_aware,starter_need,-1.1415677381845202
2021,10,ppr,50,roster_aware,roster_count,1.5101409515089297
2021,10,ppr,50,roster_aware,starter_need_late,4.896187029530013
2021,10,ppr,50,roster_aware,QB,0.017848657378694916
2021,10,ppr,50,roster_aware,RB,0.19437194711076808
2021,10,ppr,50,roster_aware,WR,0.3231245181839384
2021,10,ppr,50,roster_aware,TE,-0.09038769269907836
2021,10,ppr,50,roster_aware,K,-0.44495742997549187
2021,10,ppr,50,run_aware,market_rank,5.48359495580505
2021,10,ppr,50,run_aware,recent_position_run,0.8044556908820424
2021,10,ppr,50,run_aware,QB,0.04417642203263132
2021,10,ppr,50,run_aware,RB,-0.17412528824486637
2021,10,ppr,50,run_aware,WR,-0.10566871407775824
2021,10,ppr,50,run_aware,TE,0.1126741160642061
2021,10,ppr,50,run_aware,K,0.1229434642266342
2021,10,ppr,50,next_turn_aware,market_rank,5.439430902201953
2021,10,ppr,50,next_turn_aware,next_turn_demand,0.31210479023659987
2021,10,ppr,50,next_turn_aware,next_turn_competition,0.09615189371755083
2021,10,ppr,50,next_turn_aware,QB,0.014492148682852368
2021,10,ppr,50,next_turn_aware,RB,-0.0661764105058606
2021,10,ppr,50,next_turn_aware,WR,0.05231864844960017
2021,10,ppr,50,next_turn_aware,TE,0.02868806715611915
2021,10,ppr,50,next_turn_aware,K,-0.02932245378258255
2021,10,ppr,50,roster_plus_run,market_rank,5.461046016503899
2021,10,ppr,50,roster_plus_run,starter_need,-1.0685308682707215
2021,10,ppr,50,roster_plus_run,roster_count,1.4084250430051506
2021,10,ppr,50,roster_plus_run,recent_position_run,0.7624892874459694
2021,10,ppr,50,roster_plus_run,starter_need_late,4.7501321260493965
2021,10,ppr,50,roster_plus_run,QB,0.07702292656216583
2021,10,ppr,50,roster_plus_run,RB,0.08998263740756784
2021,10,ppr,50,roster_plus_run,WR,0.16804736728942943
2021,10,ppr,50,roster_plus_run,TE,-0.027514701779028285
2021,10,ppr,50,roster_plus_run,K,-0.30753822948027315
2021,10,ppr,50,roster_plus_next_turn,market_rank,5.424657696234727
2021,10,ppr,50,roster_plus_next_turn,starter_need,-1.1359409960443105
2021,10,ppr,50,roster_plus_next_turn,roster_count,1.5081963268903638
2021,10,ppr,50,roster_plus_next_turn,next_turn_demand,0.07156695319195568
2021,10,ppr,50,roster_plus_next_turn,next_turn_competition,-0.1479122235158585
2021,10,ppr,50,roster_plus_next_turn,starter_need_late,4.8997265640294705
2021,10,ppr,50,roster_plus_next_turn,QB,0.01246223263581773
2021,10,ppr,50,roster_plus_next_turn,RB,0.1927255008998404
2021,10,ppr,50,roster_plus_next_turn,WR,0.3224610437356009
2021,10,ppr,50,roster_plus_next_turn,TE,-0.08700967015857085
2021,10,ppr,50,roster_plus_next_turn,K,-0.4406391071145552
2021,10,ppr,50,opponent_aware,market_rank,5.462098880869538
2021,10,ppr,50,opponent_aware,starter_need,-1.0637962912949024
2021,10,ppr,50,opponent_aware,roster_count,1.4083351251422558
2021,10,ppr,50,opponent_aware,recent_position_run,0.7628316682837114
2021,10,ppr,50,opponent_aware,next_turn_demand,0.030012857550103335
2021,10,ppr,50,opponent_aware,next_turn_competition,-0.12810222887731257
2021,10,ppr,50,opponent_aware,starter_need_late,4.760448185584535
2021,10,ppr,50,opponent_aware,QB,0.07014800498089584
2021,10,ppr,50,opponent_aware,RB,0.08825296112317377
2021,10,ppr,50,opponent_aware,WR,0.16762659772937732
2021,10,ppr,50,opponent_aware,TE,-0.023304353630941178
2021,10,ppr,50,opponent_aware,K,-0.30272321020160714
2021,12,ppr,50,adp_only,market_rank,5.179854463856653
2021,12,ppr,50,position_baseline,market_rank,5.183321617284378
2021,12,ppr,50,position_baseline,QB,-0.07016205872490165
2021,12,ppr,50,position_baseline,RB,0.03435715376855597
2021,12,ppr,50,position_baseline,WR,0.07384451074981968
2021,12,ppr,50,position_baseline,TE,-0.016985993662378126
2021,12,ppr,50,position_baseline,K,-0.021053612130233827
2021,12,ppr,50,roster_aware,market_rank,5.2636545747941135
2021,12,ppr,50,roster_aware,starter_need,-2.333306451748057
2021,12,ppr,50,roster_aware,roster_count,1.8442111949295517
2021,12,ppr,50,roster_aware,starter_need_late,7.9682013045862
2021,12,ppr,50,roster_aware,QB,-0.0229322910885596
2021,12,ppr,50,roster_aware,RB,0.3622252632007184
2021,12,ppr,50,roster_aware,WR,0.43121082864635946
2021,12,ppr,50,roster_aware,TE,-0.11629006693065155
2021,12,ppr,50,roster_aware,K,-0.6542137338308692
2021,12,ppr,50,run_aware,market_rank,5.213506559875809
2021,12,ppr,50,run_aware,recent_position_run,0.8224998576279959
2021,12,ppr,50,run_aware,QB,-0.022812970173493943
2021,12,ppr,50,run_aware,RB,-0.06906734213808705
2021,12,ppr,50,run_aware,WR,-0.09042440039044101
2021,12,ppr,50,run_aware,TE,0.037602408288517505
2021,12,ppr,50,run_aware,K,0.14470230441475518
2021,12,ppr,50,next_turn_aware,market_rank,5.180350931263249
2021,12,ppr,50,next_turn_aware,next_turn_demand,0.0967155978767648
2021,12,ppr,50,next_turn_aware,next_turn_competition,0.029901525844202286
2021,12,ppr,50,next_turn_aware,QB,-0.06099452420674632
2021,12,ppr,50,next_turn_aware,RB,0.03498345727510397
2021,12,ppr,50,next_turn_aware,WR,0.07371237448885239
2021,12,ppr,50,next_turn_aware,TE,-0.025097273227755904
2021,12,ppr,50,next_turn_aware,K,-0.022604034328309215
2021,12,ppr,50,roster_plus_run,market_rank,5.291765041307224
2021,12,ppr,50,roster_plus_run,starter_need,-2.254566246324574
2021,12,ppr,50,roster_plus_run,roster_count,1.755831297793376
2021,12,ppr,50,roster_plus_run,recent_position_run,0.7438153243863129
2021,12,ppr,50,roster_plus_run,starter_need_late,7.767194821322378
2021,12,ppr,50,roster_plus_run,QB,0.026486206504640036
2021,12,ppr,50,roster_plus_run,RB,0.2619840557391951
2021,12,ppr,50,roster_plus_run,WR,0.2766349995510582
2021,12,ppr,50,roster_plus_run,TE,-0.060553704339162406
2021,12,ppr,50,roster_plus_run,K,-0.5045515574564688
2021,12,ppr,50,roster_plus_next_turn,market_rank,5.273078039792619
2021,12,ppr,50,roster_plus_next_turn,starter_need,-2.317582569958114
2021,12,ppr,50,roster_plus_next_turn,roster_count,1.820896843063717
2021,12,ppr,50,roster_plus_next_turn,next_turn_demand,-0.2199072899312488
2021,12,ppr,50,roster_plus_next_turn,next_turn_competition,-0.28296362240711154
2021,12,ppr,50,roster_plus_next_turn,starter_need_late,8.076003193048926
2021,12,ppr,50,roster_plus_next_turn,QB,-0.06561287583430477
2021,12,ppr,50,roster_plus_next_turn,RB,0.3541223986913572
2021,12,ppr,50,roster_plus_next_turn,WR,0.42539222601681
2021,12,ppr,50,roster_plus_next_turn,TE,-0.09489657321925939
2021,12,ppr,50,roster_plus_next_turn,K,-0.6190051756544006
2021,12,ppr,50,opponent_aware,market_rank,5.301332605922809
2021,12,ppr,50,opponent_aware,starter_need,-2.2373239126071964
2021,12,ppr,50,opponent_aware,roster_count,1.730089509004385
2021,12,ppr,50,opponent_aware,recent_position_run,0.7489722380899554
2021,12,ppr,50,opponent_aware,next_turn_demand,-0.2599694256065283
2021,12,ppr,50,opponent_aware,next_turn_competition,-0.2673317402219946
2021,12,ppr,50,opponent_aware,starter_need_late,7.878384839463722
2021,12,ppr,50,opponent_aware,QB,-0.017790743706638374
2021,12,ppr,50,opponent_aware,RB,0.2524474197976086
2021,12,ppr,50,opponent_aware,WR,0.2693852880374168
2021,12,ppr,50,opponent_aware,TE,-0.03825149570955249
2021,12,ppr,50,opponent_aware,K,-0.4657904684192398
2021,12,ppr,150,adp_only,market_rank,4.900595142858723
2021,12,ppr,150,position_baseline,market_rank,4.9229869874482555
2021,12,ppr,150,position_baseline,QB,-0.08818452950292385
2021,12,ppr,150,position_baseline,RB,-0.028271952381542773
2021,12,ppr,150,position_baseline,WR,0.05346519849234194
2021,12,ppr,150,position_baseline,TE,-0.017607859160332234
2021,12,ppr,150,position_baseline,K,0.08059914255940338
2021,12,ppr,150,roster_aware,market_rank,5.008829098294858
2021,12,ppr,150,roster_aware,starter_need,-2.0146414692736143
2021,12,ppr,150,roster_aware,roster_count,1.2012531201361571
2021,12,ppr,150,roster_aware,starter_need_late,7.365451617474307
2021,12,ppr,150,roster_aware,QB,0.02917298075932264
2021,12,ppr,150,roster_aware,RB,0.2998277207585735
2021,12,ppr,150,roster_aware,WR,0.40469252188010213
2021,12,ppr,150,roster_aware,TE,-0.08842109752130366
2021,12,ppr,150,roster_aware,K,-0.6452721258858956
2021,12,ppr,150,run_aware,market_rank,4.962239743461193
2021,12,ppr,150,run_aware,recent_position_run,0.889966922920568
2021,12,ppr,150,run_aware,QB,-0.02752486822389795
2021,12,ppr,150,run_aware,RB,-0.1446947987262473
2021,12,ppr,150,run_aware,WR,-0.12295777489586346
2021,12,ppr,150,run_aware,TE,0.045205631921396046
2021,12,ppr,150,run_aware,K,0.24997180993193677
2021,12,ppr,150,next_turn_aware,market_rank,4.920936649580374
2021,12,ppr,150,next_turn_aware,next_turn_demand,0.26907146408387944
2021,12,ppr,150,next_turn_aware,next_turn_competition,0.3327899340502761
2021,12,ppr,150,next_turn_aware,QB,-0.045794267390381276
2021,12,ppr,150,next_turn_aware,RB,-0.01745689352985033
2021,12,ppr,150,next_turn_aware,WR,0.058421351409175294
2021,12,ppr,150,next_turn_aware,TE,-0.05818438800816646
2021,12,ppr,150,next_turn_aware,K,0.06301419752605636
2021,12,ppr,150,roster_plus_run,market_rank,5.042926705028703
2021,12,ppr,150,roster_plus_run,starter_need,-1.8915499285663107
2021,12,ppr,150,roster_plus_run,roster_count,1.0748210711002342
2021,12,ppr,150,roster_plus_run,recent_position_run,0.7705737354737017
2021,12,ppr,150,roster_plus_run,starter_need_late,7.080012340312339
2021,12,ppr,150,roster_plus_run,QB,0.08989706572065098
2021,12,ppr,150,roster_plus_run,RB,0.18748252091655157
2021,12,ppr,150,roster_plus_run,WR,0.24040779824690303
2021,12,ppr,150,roster_plus_run,TE,-0.02550953191378324
2021,12,ppr,150,roster_plus_run,K,-0.4922778529771319
2021,12,ppr,150,roster_plus_next_turn,market_rank,5.010208549916066
2021,12,ppr,150,roster_plus_next_turn,starter_need,-2.0206488956818185
2021,12,ppr,150,roster_plus_next_turn,roster_count,1.1678287650003851
2021,12,ppr,150,roster_plus_next_turn,next_turn_demand,-0.17834859050509175
2021,12,ppr,150,roster_plus_next_turn,next_turn_competition,-0.20587644983742678
2021,12,ppr,150,roster_plus_next_turn,starter_need_late,7.496241092019701
2021,12,ppr,150,roster_plus_next_turn,QB,-0.00550871696941635
2021,12,ppr,150,roster_plus_next_turn,RB,0.287766788583484
2021,12,ppr,150,roster_plus_next_turn,WR,0.3957530727720273
2021,12,ppr,150,roster_plus_next_turn,TE,-0.07247871142308497
2021,12,ppr,150,roster_plus_next_turn,K,-0.6055324329714483
2021,12,ppr,150,opponent_aware,market_rank,5.045249323638203
2021,12,ppr,150,opponent_aware,starter_need,-1.8979474477543359
2021,12,ppr,150,opponent_aware,roster_count,1.0407542658601074
2021,12,ppr,150,opponent_aware,recent_position_run,0.7747726144260638
2021,12,ppr,150,opponent_aware,next_turn_demand,-0.20587375906090516
2021,12,ppr,150,opponent_aware,next_turn_competition,-0.20084823739516675
2021,12,ppr,150,opponent_aware,starter_need_late,7.216502842955185
2021,12,ppr,150,opponent_aware,QB,0.05373243355907009
2021,12,ppr,150,opponent_aware,RB,0.17429867307413696
2021,12,ppr,150,opponent_aware,WR,0.23031953425298654
2021,12,ppr,150,opponent_aware,TE,-0.008442583411005171
2021,12,ppr,150,opponent_aware,K,-0.4499080574797176
2022,10,ppr,50,adp_only,market_rank,8.502301103496011
2022,10,ppr,50,position_baseline,market_rank,8.53708088437106
2022,10,ppr,50,position_baseline,QB,-0.10694601259179336
2022,10,ppr,50,position_baseline,RB,0.17793913030648664
2022,10,ppr,50,position_baseline,WR,0.10625380305417854
2022,10,ppr,50,position_baseline,TE,-0.09583792905362103
2022,10,ppr,50,position_baseline,K,-0.0814089917149982
2022,10,ppr,50,roster_aware,market_rank,8.55258654902197
2022,10,ppr,50,roster_aware,starter_need,-1.718331105068991
2022,10,ppr,50,roster_aware,roster_count,2.496045804403567
2022,10,ppr,50,roster_aware,starter_need_late,6.206255154585205
2022,10,ppr,50,roster_aware,QB,-0.16630826670706877
2022,10,ppr,50,roster_aware,RB,0.5690982687815601
2022,10,ppr,50,roster_aware,WR,0.5387659357490276
2022,10,ppr,50,roster_aware,TE,-0.2481176873461197
2022,10,ppr,50,roster_aware,K,-0.6934382504782921
2022,10,ppr,50,run_aware,market_rank,8.572025443872011
2022,10,ppr,50,run_aware,recent_position_run,0.5892945890219654
2022,10,ppr,50,run_aware,QB,-0.05815992999590921
2022,10,ppr,50,run_aware,RB,0.09391302938571694
2022,10,ppr,50,run_aware,WR,-0.013056133704597243
2022,10,ppr,50,run_aware,TE,-0.05276722009107445
2022,10,ppr,50,run_aware,K,0.030070254406255846
2022,10,ppr,50,next_turn_aware,market_rank,8.541424645125192
2022,10,ppr,50,next_turn_aware,next_turn_demand,0.2590698310597578
2022,10,ppr,50,next_turn_aware,next_turn_competition,-0.3305814553996484
2022,10,ppr,50,next_turn_aware,QB,-0.1089262189826375
2022,10,ppr,50,next_turn_aware,RB,0.1764523727298577
2022,10,ppr,50,next_turn_aware,WR,0.10577375187493517
2022,10,ppr,50,next_turn_aware,TE,-0.09208611885045895
2022,10,ppr,50,next_turn_aware,K,-0.0812137867709587
2022,10,ppr,50,roster_plus_run,market_rank,8.584624941158875
2022,10,ppr,50,roster_plus_run,starter_need,-1.668419982144241
2022,10,ppr,50,roster_plus_run,roster_count,2.44221713782822
2022,10,ppr,50,roster_plus_run,recent_position_run,0.5230231342629721
2022,10,ppr,50,roster_plus_run,starter_need_late,6.092945405188819
2022,10,ppr,50,roster_plus_run,QB,-0.1198472338133181
2022,10,ppr,50,roster_plus_run,RB,0.49123125341528423
2022,10,ppr,50,roster_plus_run,WR,0.430038239257068
2022,10,ppr,50,roster_plus_run,TE,-0.2067538393285851
2022,10,ppr,50,roster_plus_run,K,-0.594668419531996
2022,10,ppr,50,roster_plus_next_turn,market_rank,8.578787667201112
2022,10,ppr,50,roster_plus_next_turn,starter_need,-1.6951023219045935
2022,10,ppr,50,roster_plus_next_turn,roster_count,2.4707343764338443
2022,10,ppr,50,roster_plus_next_turn,next_turn_demand,0.015268303483110134
2022,10,ppr,50,roster_plus_next_turn,next_turn_competition,-0.6084685366476663
2022,10,ppr,50,roster_plus_next_turn,starter_need_late,6.290876181885648
2022,10,ppr,50,roster_plus_next_turn,QB,-0.19333786595427407
2022,10,ppr,50,roster_plus_next_turn,RB,0.5521759575322415
2022,10,ppr,50,roster_plus_next_turn,WR,0.5290971176775595
2022,10,ppr,50,roster_plus_next_turn,TE,-0.22558225066925489
2022,10,ppr,50,roster_plus_next_turn,K,-0.6623529585852911
2022,10,ppr,50,opponent_aware,market_rank,8.611360544281105
2022,10,ppr,50,opponent_aware,starter_need,-1.6376056461997166
2022,10,ppr,50,opponent_aware,roster_count,2.411835153320447
2022,10,ppr,50,opponent_aware,recent_position_run,0.5288138910926804
2022,10,ppr,50,opponent_aware,next_turn_demand,-0.005977681593708692
2022,10,ppr,50,opponent_aware,next_turn_competition,-0.6054156596625082
2022,10,ppr,50,opponent_aware,starter_need_late,6.166958098777447
2022,10,ppr,50,opponent_aware,QB,-0.14720027144745396
2022,10,ppr,50,opponent_aware,RB,0.4726416862229948
2022,10,ppr,50,opponent_aware,WR,0.4185063023961381
2022,10,ppr,50,opponent_aware,TE,-0.18391893931248252
2022,10,ppr,50,opponent_aware,K,-0.5600287778591141
2022,12,ppr,50,adp_only,market_rank,7.343270542352785
2022,12,ppr,50,position_baseline,market_rank,7.426907742185285
2022,12,ppr,50,position_baseline,QB,-0.2805576378331666
2022,12,ppr,50,position_baseline,RB,0.14849944984508803
2022,12,ppr,50,position_baseline,WR,0.11622588991755453
2022,12,ppr,50,position_baseline,TE,-0.02376317675518026
2022,12,ppr,50,position_baseline,K,0.03959547482696498
2022,12,ppr,50,roster_aware,market_rank,7.430539556483704
2022,12,ppr,50,roster_aware,starter_need,-0.014544022487817942
2022,12,ppr,50,roster_aware,roster_count,0.14004504329819464
2022,12,ppr,50,roster_aware,starter_need_late,2.6030637620306707
2022,12,ppr,50,roster_aware,QB,-0.2619923713212177
2022,12,ppr,50,roster_aware,RB,0.19943025758163707
2022,12,ppr,50,roster_aware,WR,0.17275683326523508
2022,12,ppr,50,roster_aware,TE,-0.1318091640244792
2022,12,ppr,50,roster_aware,K,0.02161444449753848
2022,12,ppr,50,run_aware,market_rank,7.45657870143806
2022,12,ppr,50,run_aware,recent_position_run,0.5083438081703133
2022,12,ppr,50,run_aware,QB,-0.23999584244490557
2022,12,ppr,50,run_aware,RB,0.07950189395066398
2022,12,ppr,50,run_aware,WR,0.007887405073810009
2022,12,ppr,50,run_aware,TE,0.011342559173054309
2022,12,ppr,50,run_aware,K,0.1412639842489383
2022,12,ppr,50,next_turn_aware,market_rank,7.448791789999508
2022,12,ppr,50,next_turn_aware,next_turn_demand,0.09474156220476285
2022,12,ppr,50,next_turn_aware,next_turn_competition,-0.7281546298430923
2022,12,ppr,50,next_turn_aware,QB,-0.3151958923713142
2022,12,ppr,50,next_turn_aware,RB,0.14844156299612427
2022,12,ppr,50,next_turn_aware,WR,0.11860304896140345
2022,12,ppr,50,next_turn_aware,TE,0.01481010251771983
2022,12,ppr,50,next_turn_aware,K,0.03334117789714553
2022,12,ppr,50,roster_plus_run,market_rank,7.459719786401659
2022,12,ppr,50,roster_plus_run,starter_need,-0.002343603727278619
2022,12,ppr,50,roster_plus_run,roster_count,0.10792325727318008
2022,12,ppr,50,roster_plus_run,recent_position_run,0.4929010890199972
2022,12,ppr,50,roster_plus_run,starter_need_late,2.5709405782793078
2022,12,ppr,50,roster_plus_run,QB,-0.2217080277866031
2022,12,ppr,50,roster_plus_run,RB,0.12986557551785105
2022,12,ppr,50,roster_plus_run,WR,0.06393614251777992
2022,12,ppr,50,roster_plus_run,TE,-0.09558326477609028
2022,12,ppr,50,roster_plus_run,K,0.12348957452605654
2022,12,ppr,50,roster_plus_next_turn,market_rank,7.460090450328228
2022,12,ppr,50,roster_plus_next_turn,starter_need,0.1074905922116336
2022,12,ppr,50,roster_plus_next_turn,roster_count,0.1668969853854806
2022,12,ppr,50,roster_plus_next_turn,next_turn_demand,-0.025736367748743775
2022,12,ppr,50,roster_plus_next_turn,next_turn_competition,-0.9336840280219857
2022,12,ppr,50,roster_plus_next_turn,starter_need_late,2.447810037153859
2022,12,ppr,50,roster_plus_next_turn,QB,-0.3120860677968893
2022,12,ppr,50,roster_plus_next_turn,RB,0.20093598471001448
2022,12,ppr,50,roster_plus_next_turn,WR,0.17884990505770787
2022,12,ppr,50,roster_plus_next_turn,TE,-0.07642504768372281
2022,12,ppr,50,roster_plus_next_turn,K,0.00872522571489021
2022,12,ppr,50,opponent_aware,market_rank,7.489975422411651
2022,12,ppr,50,opponent_aware,starter_need,0.11835534373325718
2022,12,ppr,50,opponent_aware,roster_count,0.1331017935167345
2022,12,ppr,50,opponent_aware,recent_position_run,0.497141815214352
2022,12,ppr,50,opponent_aware,next_turn_demand,-0.04144655632877051
2022,12,ppr,50,opponent_aware,next_turn_competition,-0.9284214483534038
2022,12,ppr,50,opponent_aware,starter_need_late,2.4187320764701497
2022,12,ppr,50,opponent_aware,QB,-0.27191049180469923
2022,12,ppr,50,opponent_aware,RB,0.13059841390900143
2022,12,ppr,50,opponent_aware,WR,0.06913507415999126
2022,12,ppr,50,opponent_aware,TE,-0.039566036753244126
2022,12,ppr,50,opponent_aware,K,0.11174304048910358
2022,12,ppr,150,adp_only,market_rank,7.1160735387790455
2022,12,ppr,150,position_baseline,market_rank,7.141186746307849
2022,12,ppr,150,position_baseline,QB,-0.1294815196925225
2022,12,ppr,150,position_baseline,RB,0.1992403451247998
2022,12,ppr,150,position_baseline,WR,0.12225890341692584
2022,12,ppr,150,position_baseline,TE,0.06700978376264068
2022,12,ppr,150,position_baseline,K,-0.2590275126064936
2022,12,ppr,150,roster_aware,market_rank,7.136248611434987
2022,12,ppr,150,roster_aware,starter_need,-0.794104276102201
2022,12,ppr,150,roster_aware,roster_count,1.2288170942570735
2022,12,ppr,150,roster_aware,starter_need_late,4.426728940924933
2022,12,ppr,150,roster_aware,QB,-0.15908064916803064
2022,12,ppr,150,roster_aware,RB,0.3877565759048203
2022,12,ppr,150,roster_aware,WR,0.3415084156267739
2022,12,ppr,150,roster_aware,TE,-0.08724606100347108
2022,12,ppr,150,roster_aware,K,-0.4829382813507006
2022,12,ppr,150,run_aware,market_rank,7.167973059721833
2022,12,ppr,150,run_aware,recent_position_run,0.49652104001162456
2022,12,ppr,150,run_aware,QB,-0.08899771912240717
2022,12,ppr,150,run_aware,RB,0.1304988107543602
2022,12,ppr,150,run_aware,WR,0.01758218860859744
2022,12,ppr,150,run_aware,TE,0.10485792145372494
2022,12,ppr,150,run_aware,K,-0.16394120168829351
2022,12,ppr,150,next_turn_aware,market_rank,7.151771814310428
2022,12,ppr,150,next_turn_aware,next_turn_demand,0.09874689231711471
2022,12,ppr,150,next_turn_aware,next_turn_competition,-0.41390658507892286
2022,12,ppr,150,next_turn_aware,QB,-0.14575080517684877
2022,12,ppr,150,next_turn_aware,RB,0.19761288020283999
2022,12,ppr,150,next_turn_aware,WR,0.1216014193183689
2022,12,ppr,150,next_turn_aware,TE,0.08599977262475444
2022,12,ppr,150,next_turn_aware,K,-0.25946326696506444
2022,12,ppr,150,roster_plus_run,market_rank,7.161488635878239
2022,12,ppr,150,roster_plus_run,starter_need,-0.7715521534877421
2022,12,ppr,150,roster_plus_run,roster_count,1.1874280851511105
2022,12,ppr,150,roster_plus_run,recent_position_run,0.4707375247147902
2022,12,ppr,150,roster_plus_run,starter_need_late,4.375142596857442
2022,12,ppr,150,roster_plus_run,QB,-0.11929286551013953
2022,12,ppr,150,roster_plus_run,RB,0.3196669305447941
2022,12,ppr,150,roster_plus_run,WR,0.2382408635938132
2022,12,ppr,150,roster_plus_run,TE,-0.049548552608638954
2022,12,ppr,150,roster_plus_run,K,-0.38906637601521216
2022,12,ppr,150,roster_plus_next_turn,market_rank,7.156578425005247
2022,12,ppr,150,roster_plus_next_turn,starter_need,-0.713213748687938
2022,12,ppr,150,roster_plus_next_turn,roster_count,1.2492131340762083
2022,12,ppr,150,roster_plus_next_turn,next_turn_demand,-0.09530984574383451
2022,12,ppr,150,roster_plus_next_turn,next_turn_competition,-0.5864108610647093
2022,12,ppr,150,roster_plus_next_turn,starter_need_late,4.335084285651931
2022,12,ppr,150,roster_plus_next_turn,QB,-0.1947216468060825
2022,12,ppr,150,roster_plus_next_turn,RB,0.38599215891286875
2022,12,ppr,150,roster_plus_next_turn,WR,0.3426624252581698
2022,12,ppr,150,roster_plus_next_turn,TE,-0.04861079767913437
2022,12,ppr,150,roster_plus_next_turn,K,-0.4853221396823704
2022,12,ppr,150,opponent_aware,market_rank,7.1817542447290235
2022,12,ppr,150,opponent_aware,starter_need,-0.693744342053334
2022,12,ppr,150,opponent_aware,roster_count,1.2063118979727232
2022,12,ppr,150,opponent_aware,recent_position_run,0.4707345307157022
2022,12,ppr,150,opponent_aware,next_turn_demand,-0.10690103114905515
2022,12,ppr,150,opponent_aware,next_turn_competition,-0.5756177762775456
2022,12,ppr,150,opponent_aware,starter_need_late,4.290144877976148
2022,12,ppr,150,opponent_aware,QB,-0.15488177768741396
2022,12,ppr,150,opponent_aware,RB,0.3175264202983093
2022,12,ppr,150,opponent_aware,WR,0.23917650153107628
2022,12,ppr,150,opponent_aware,TE,-0.01132287505587994
2022,12,ppr,150,opponent_aware,K,-0.3904982690868895
2023,10,ppr,50,adp_only,market_rank,5.054972993988486
2023,10,ppr,50,position_baseline,market_rank,5.108894309539652
2023,10,ppr,50,position_baseline,QB,-0.2723779615450813
2023,10,ppr,50,position_baseline,RB,-0.07825243698490027
2023,10,ppr,50,position_baseline,WR,0.025009983119034414
2023,10,ppr,50,position_baseline,TE,-0.08509624260001364
2023,10,ppr,50,position_baseline,K,0.4107166580110168
2023,10,ppr,50,roster_aware,market_rank,5.074309775607619
2023,10,ppr,50,roster_aware,starter_need,-0.2904302027731137
2023,10,ppr,50,roster_aware,roster_count,1.5667547266313364
2023,10,ppr,50,roster_aware,starter_need_late,3.0780255568106893
2023,10,ppr,50,roster_aware,QB,-0.25443783735666364
2023,10,ppr,50,roster_aware,RB,0.12407191156207438
2023,10,ppr,50,roster_aware,WR,0.2782175492953265
2023,10,ppr,50,roster_aware,TE,-0.24601118229908372
2023,10,ppr,50,roster_aware,K,0.09815955879744717
2023,10,ppr,50,run_aware,market_rank,5.124349177226126
2023,10,ppr,50,run_aware,recent_position_run,0.31627472325094375
2023,10,ppr,50,run_aware,QB,-0.2508046385950513
2023,10,ppr,50,run_aware,RB,-0.11733619915633847
2023,10,ppr,50,run_aware,WR,-0.038308673329512766
2023,10,ppr,50,run_aware,TE,-0.06694639816479346
2023,10,ppr,50,run_aware,K,0.47339590924649444
2023,10,ppr,50,next_turn_aware,market_rank,5.107850060364894
2023,10,ppr,50,next_turn_aware,next_turn_demand,0.2781020809611727
2023,10,ppr,50,next_turn_aware,next_turn_competition,-0.20126712111129674
2023,10,ppr,50,next_turn_aware,QB,-0.26636688718825924
2023,10,ppr,50,next_turn_aware,RB,-0.07831451579393951
2023,10,ppr,50,next_turn_aware,WR,0.02505410133691585
2023,10,ppr,50,next_turn_aware,TE,-0.09068923967169988
2023,10,ppr,50,next_turn_aware,K,0.41031654131704814
2023,10,ppr,50,roster_plus_run,market_rank,5.089895793851311
2023,10,ppr,50,roster_plus_run,starter_need,-0.27587810524584755
2023,10,ppr,50,roster_plus_run,roster_count,1.5194288786619192
2023,10,ppr,50,roster_plus_run,recent_position_run,0.28184244195008296
2023,10,ppr,50,roster_plus_run,starter_need_late,3.0557399954637874
2023,10,ppr,50,roster_plus_run,QB,-0.23392680851768408
2023,10,ppr,50,roster_plus_run,RB,0.08564151384857069
2023,10,ppr,50,roster_plus_run,WR,0.21691730313051466
2023,10,ppr,50,roster_plus_run,TE,-0.2277702232941137
2023,10,ppr,50,roster_plus_run,K,0.15913821483279628
2023,10,ppr,50,roster_plus_next_turn,market_rank,5.079823146115766
2023,10,ppr,50,roster_plus_next_turn,starter_need,-0.2124587228656218
2023,10,ppr,50,roster_plus_next_turn,roster_count,1.58067558399457
2023,10,ppr,50,roster_plus_next_turn,next_turn_demand,0.12785179185404702
2023,10,ppr,50,roster_plus_next_turn,next_turn_competition,-0.4626971715310243
2023,10,ppr,50,roster_plus_next_turn,starter_need_late,2.985824549454358
2023,10,ppr,50,roster_plus_next_turn,QB,-0.2805962349109147
2023,10,ppr,50,roster_plus_next_turn,RB,0.1266445325652663
2023,10,ppr,50,roster_plus_next_turn,WR,0.28011057869197503
2023,10,ppr,50,roster_plus_next_turn,TE,-0.22804160767172896
2023,10,ppr,50,roster_plus_next_turn,K,0.10188273132429469
2023,10,ppr,50,opponent_aware,market_rank,5.094736059170534
2023,10,ppr,50,opponent_aware,starter_need,-0.19701065467761683
2023,10,ppr,50,opponent_aware,roster_count,1.5351774265402969
2023,10,ppr,50,opponent_aware,recent_position_run,0.28126551039251124
2023,10,ppr,50,opponent_aware,next_turn_demand,0.10016668852656811
2023,10,ppr,50,opponent_aware,next_turn_competition,-0.4409166299656088
2023,10,ppr,50,opponent_aware,starter_need_late,2.962722871919382
2023,10,ppr,50,opponent_aware,QB,-0.26049317597893995
2023,10,ppr,50,opponent_aware,RB,0.08853924177439709
2023,10,ppr,50,opponent_aware,WR,0.21919529866835918
2023,10,ppr,50,opponent_aware,TE,-0.20948704060290116
2023,10,ppr,50,opponent_aware,K,0.16224567613931906
2023,12,ppr,50,adp_only,market_rank,7.101053869416397
2023,12,ppr,50,position_baseline,market_rank,7.125710878725649
2023,12,ppr,50,position_baseline,QB,-0.007623819188326113
2023,12,ppr,50,position_baseline,RB,0.12611232040038736
2023,12,ppr,50,position_baseline,WR,0.22036722854687207
2023,12,ppr,50,position_baseline,TE,0.056778943075521185
2023,12,ppr,50,position_baseline,K,-0.39563467284156295
2023,12,ppr,50,roster_aware,market_rank,7.0834009734390655
2023,12,ppr,50,roster_aware,starter_need,0.35148660466491927
2023,12,ppr,50,roster_aware,roster_count,2.4358138942610843
2023,12,ppr,50,roster_aware,starter_need_late,2.1442400537444963
2023,12,ppr,50,roster_aware,QB,-0.008663005318064096
2023,12,ppr,50,roster_aware,RB,0.3838337656740499
2023,12,ppr,50,roster_aware,WR,0.5653419276317246
2023,12,ppr,50,roster_aware,TE,-0.10592765574182589
2023,12,ppr,50,roster_aware,K,-0.8345850322531868
2023,12,ppr,50,run_aware,market_rank,7.14748891463028
2023,12,ppr,50,run_aware,recent_position_run,0.3423673003359764
2023,12,ppr,50,run_aware,QB,0.017244559918994883
2023,12,ppr,50,run_aware,RB,0.08491089578254425
2023,12,ppr,50,run_aware,WR,0.14998558496179581
2023,12,ppr,50,run_aware,TE,0.07651820156111915
2023,12,ppr,50,run_aware,K,-0.3286592422310882
2023,12,ppr,50,next_turn_aware,market_rank,7.135436972754494
2023,12,ppr,50,next_turn_aware,next_turn_demand,0.2607453935488681
2023,12,ppr,50,next_turn_aware,next_turn_competition,-0.5644809342924849
2023,12,ppr,50,next_turn_aware,QB,-0.03135749054400452
2023,12,ppr,50,next_turn_aware,RB,0.12819676943679892
2023,12,ppr,50,next_turn_aware,WR,0.22347246502048268
2023,12,ppr,50,next_turn_aware,TE,0.07351206994771435
2023,12,ppr,50,next_turn_aware,K,-0.39382381386837495
2023,12,ppr,50,roster_plus_run,market_rank,7.1023730969297585
2023,12,ppr,50,roster_plus_run,starter_need,0.3518507157196571
2023,12,ppr,50,roster_plus_run,roster_count,2.3770900416148364
2023,12,ppr,50,roster_plus_run,recent_position_run,0.2911274276477933
2023,12,ppr,50,roster_plus_run,starter_need_late,2.147688956831748
2023,12,ppr,50,roster_plus_run,QB,0.012544636222241584
2023,12,ppr,50,roster_plus_run,RB,0.34433677846278304
2023,12,ppr,50,roster_plus_run,WR,0.49842866761426585
2023,12,ppr,50,roster_plus_run,TE,-0.08789181216915384
2023,12,ppr,50,roster_plus_run,K,-0.7674182701384837
2023,12,ppr,50,roster_plus_next_turn,market_rank,7.103542012373576
2023,12,ppr,50,roster_plus_next_turn,starter_need,0.49034681530218605
2023,12,ppr,50,roster_plus_next_turn,roster_count,2.4545365530386083
2023,12,ppr,50,roster_plus_next_turn,next_turn_demand,0.052195509222320094
2023,12,ppr,50,roster_plus_next_turn,next_turn_competition,-0.8147188828883739
2023,12,ppr,50,roster_plus_next_turn,starter_need_late,1.9546241452409305
2023,12,ppr,50,roster_plus_next_turn,QB,-0.05945759207035196
2023,12,ppr,50,roster_plus_next_turn,RB,0.38970599456886734
2023,12,ppr,50,roster_plus_next_turn,WR,0.5735899447130214
2023,12,ppr,50,roster_plus_next_turn,TE,-0.06762389579610929
2023,12,ppr,50,roster_plus_next_turn,K,-0.8362144514220966
2023,12,ppr,50,opponent_aware,market_rank,7.123511386727207
2023,12,ppr,50,opponent_aware,starter_need,0.49594793422035405
2023,12,ppr,50,opponent_aware,roster_count,2.3894637480674317
2023,12,ppr,50,opponent_aware,recent_position_run,0.30145794530714703
2023,12,ppr,50,opponent_aware,next_turn_demand,0.04038540804139183
2023,12,ppr,50,opponent_aware,next_turn_competition,-0.8174648948191737
2023,12,ppr,50,opponent_aware,starter_need_late,1.950132105320058
2023,12,ppr,50,opponent_aware,QB,-0.03812440923080311
2023,12,ppr,50,opponent_aware,RB,0.3481109032470886
2023,12,ppr,50,opponent_aware,WR,0.5035037113289089
2023,12,ppr,50,opponent_aware,TE,-0.04873258392409566
2023,12,ppr,50,opponent_aware,K,-0.7647576214277702
2023,12,ppr,150,adp_only,market_rank,8.66190936242334
2023,12,ppr,150,position_baseline,market_rank,8.682494205574752
2023,12,ppr,150,position_baseline,QB,0.0232674451303714
2023,12,ppr,150,position_baseline,RB,0.1860674544548961
2023,12,ppr,150,position_baseline,WR,0.2413718832050767
2023,12,ppr,150,position_baseline,TE,0.05473394934526526
2023,12,ppr,150,position_baseline,K,-0.5054407321742002
2023,12,ppr,150,roster_aware,market_rank,8.646303925113925
2023,12,ppr,150,roster_aware,starter_need,0.2507018535954601
2023,12,ppr,150,roster_aware,roster_count,2.7685947597182397
2023,12,ppr,150,roster_aware,starter_need_late,2.2525373143073266
2023,12,ppr,150,roster_aware,QB,0.023803199909290577
2023,12,ppr,150,roster_aware,RB,0.4815724159785297
2023,12,ppr,150,roster_aware,WR,0.6383888094672456
2023,12,ppr,150,roster_aware,TE,-0.1366587038855028
2023,12,ppr,150,roster_aware,K,-1.007105721516796
2023,12,ppr,150,run_aware,market_rank,8.718070356290047
2023,12,ppr,150,run_aware,recent_position_run,0.4419848017611147
2023,12,ppr,150,run_aware,QB,0.054416934667714335
2023,12,ppr,150,run_aware,RB,0.13283201049902235
2023,12,ppr,150,run_aware,WR,0.1507282265791698
2023,12,ppr,150,run_aware,TE,0.07861664227515834
2023,12,ppr,150,run_aware,K,-0.4165938140533777
2023,12,ppr,150,next_turn_aware,market_rank,8.69470017761491
2023,12,ppr,150,next_turn_aware,next_turn_demand,0.04845871927868709
2023,12,ppr,150,next_turn_aware,next_turn_competition,-0.4283915417949101
2023,12,ppr,150,next_turn_aware,QB,-0.007272534466977714
2023,12,ppr,150,next_turn_aware,RB,0.1868887424810276
2023,12,ppr,150,next_turn_aware,WR,0.24435363760668483
2023,12,ppr,150,next_turn_aware,TE,0.07860260251226871
2023,12,ppr,150,next_turn_aware,K,-0.5025724481709057
2023,12,ppr,150,roster_plus_run,market_rank,8.678090927599081
2023,12,ppr,150,roster_plus_run,starter_need,0.26258266234067834
2023,12,ppr,150,roster_plus_run,roster_count,2.676722317348979
2023,12,ppr,150,roster_plus_run,recent_position_run,0.3751375712429753
2023,12,ppr,150,roster_plus_run,starter_need_late,2.2381499150069692
2023,12,ppr,150,roster_plus_run,QB,0.05037813873906659
2023,12,ppr,150,roster_plus_run,RB,0.4290709447036006
2023,12,ppr,150,roster_plus_run,WR,0.5501597397627566
2023,12,ppr,150,roster_plus_run,TE,-0.11434956865028252
2023,12,ppr,150,roster_plus_run,K,-0.9152592545912839
2023,12,ppr,150,roster_plus_next_turn,market_rank,8.674750267628776
2023,12,ppr,150,roster_plus_next_turn,starter_need,0.3979466215701206
2023,12,ppr,150,roster_plus_next_turn,roster_count,2.7891957278600135
2023,12,ppr,150,roster_plus_next_turn,next_turn_demand,-0.1259488898521345
2023,12,ppr,150,roster_plus_next_turn,next_turn_competition,-0.7212110716923503
2023,12,ppr,150,roster_plus_next_turn,starter_need_late,2.063595418607875
2023,12,ppr,150,roster_plus_next_turn,QB,-0.03637907360399008
2023,12,ppr,150,roster_plus_next_turn,RB,0.48439331357924215
2023,12,ppr,150,roster_plus_next_turn,WR,0.6464899507970678
2023,12,ppr,150,roster_plus_next_turn,TE,-0.08835062408482687
2023,12,ppr,150,roster_plus_next_turn,K,-1.0061535667299784
2023,12,ppr,150,opponent_aware,market_rank,8.707187034164955
2023,12,ppr,150,opponent_aware,starter_need,0.4143219989262504
2023,12,ppr,150,opponent_aware,roster_count,2.6937508509713135
2023,12,ppr,150,opponent_aware,recent_position_run,0.38684315240885625
2023,12,ppr,150,opponent_aware,next_turn_demand,-0.1386430925493561
2023,12,ppr,150,opponent_aware,next_turn_competition,-0.7265921609689618
2023,12,ppr,150,opponent_aware,starter_need_late,2.0420858100318404
2023,12,ppr,150,opponent_aware,QB,-0.009492980357526236
2023,12,ppr,150,opponent_aware,RB,0.4303085002427527
2023,12,ppr,150,opponent_aware,WR,0.5557635937519337
2023,12,ppr,150,opponent_aware,TE,-0.06443348260946702
2023,12,ppr,150,opponent_aware,K,-0.912145631069064
2024,10,ppr,50,adp_only,market_rank,8.477385152771875
2024,10,ppr,50,position_baseline,market_rank,8.591322240934401
2024,10,ppr,50,position_baseline,QB,-0.17553206221471274
2024,10,ppr,50,position_baseline,RB,0.15498537307984844
2024,10,ppr,50,position_baseline,WR,0.22806589694562515
2024,10,ppr,50,position_baseline,TE,-0.08093363418596608
2024,10,ppr,50,position_baseline,K,-0.12658557362671458
2024,10,ppr,50,roster_aware,market_rank,8.68645790345121
2024,10,ppr,50,roster_aware,starter_need,-1.3823106512354275
2024,10,ppr,50,roster_aware,roster_count,1.7162858169833162
2024,10,ppr,50,roster_aware,starter_need_late,6.818703905287835
2024,10,ppr,50,roster_aware,QB,-0.13504009236648654
2024,10,ppr,50,roster_aware,RB,0.44365513360004466
2024,10,ppr,50,roster_aware,WR,0.6387792394762029
2024,10,ppr,50,roster_aware,TE,-0.13969104737988847
2024,10,ppr,50,roster_aware,K,-0.8077032333333497
2024,10,ppr,50,run_aware,market_rank,8.663541791900979
2024,10,ppr,50,run_aware,recent_position_run,0.9840728182560032
2024,10,ppr,50,run_aware,QB,-0.10578579843598321
2024,10,ppr,50,run_aware,RB,0.03906090001202852
2024,10,ppr,50,run_aware,WR,0.014040188270631014
2024,10,ppr,50,run_aware,TE,-0.012142996029799201
2024,10,ppr,50,run_aware,K,0.06482770618294928
2024,10,ppr,50,next_turn_aware,market_rank,8.577619520932473
2024,10,ppr,50,next_turn_aware,next_turn_demand,0.3077534214593838
2024,10,ppr,50,next_turn_aware,next_turn_competition,0.3605174606710065
2024,10,ppr,50,next_turn_aware,QB,-0.13811403471874123
2024,10,ppr,50,next_turn_aware,RB,0.14769940045275465
2024,10,ppr,50,next_turn_aware,WR,0.2347628471303313
2024,10,ppr,50,next_turn_aware,TE,-0.10828775137049056
2024,10,ppr,50,next_turn_aware,K,-0.1360604614954149
2024,10,ppr,50,roster_plus_run,market_rank,8.762074110710639
2024,10,ppr,50,roster_plus_run,starter_need,-1.2107891241279938
2024,10,ppr,50,roster_plus_run,roster_count,1.507692203037254
2024,10,ppr,50,roster_plus_run,recent_position_run,0.9098248568540209
2024,10,ppr,50,roster_plus_run,starter_need_late,6.474672497650109
2024,10,ppr,50,roster_plus_run,QB,-0.05893623037581736
2024,10,ppr,50,roster_plus_run,RB,0.32610727781033566
2024,10,ppr,50,roster_plus_run,WR,0.4172288474260433
2024,10,ppr,50,roster_plus_run,TE,-0.06612953998820137
2024,10,ppr,50,roster_plus_run,K,-0.6182703548738038
2024,10,ppr,50,roster_plus_next_turn,market_rank,8.688196393070589
2024,10,ppr,50,roster_plus_next_turn,starter_need,-1.4038072863234368
2024,10,ppr,50,roster_plus_next_turn,roster_count,1.7145809426849947
2024,10,ppr,50,roster_plus_next_turn,next_turn_demand,-0.02270261261728142
2024,10,ppr,50,roster_plus_next_turn,next_turn_competition,-0.0956237050427653
2024,10,ppr,50,roster_plus_next_turn,starter_need_late,6.884858965043817
2024,10,ppr,50,roster_plus_next_turn,QB,-0.1443910518012668
2024,10,ppr,50,roster_plus_next_turn,RB,0.4434795065358232
2024,10,ppr,50,roster_plus_next_turn,WR,0.6361818108702911
2024,10,ppr,50,roster_plus_next_turn,TE,-0.13720359282398004
2024,10,ppr,50,roster_plus_next_turn,K,-0.7980666727833221
2024,10,ppr,50,opponent_aware,market_rank,8.762756843147535
2024,10,ppr,50,opponent_aware,starter_need,-1.23055987246807
2024,10,ppr,50,opponent_aware,roster_count,1.507016174433885
2024,10,ppr,50,opponent_aware,recent_position_run,0.9095265402978319
2024,10,ppr,50,opponent_aware,next_turn_demand,-0.08352997855129221
2024,10,ppr,50,opponent_aware,next_turn_competition,-0.01795634301603613
2024,10,ppr,50,opponent_aware,starter_need_late,6.53341168378253
2024,10,ppr,50,opponent_aware,QB,-0.06698645860102384
2024,10,ppr,50,opponent_aware,RB,0.3260704998768979
2024,10,ppr,50,opponent_aware,WR,0.4150480783469078
2024,10,ppr,50,opponent_aware,TE,-0.06394708304576575
2024,10,ppr,50,opponent_aware,K,-0.6101850365782745
2024,12,ppr,50,adp_only,market_rank,7.547814325396443
2024,12,ppr,50,position_baseline,market_rank,7.566214243651857
2024,12,ppr,50,position_baseline,QB,-0.005335144777811521
2024,12,ppr,50,position_baseline,RB,0.2653059525290583
2024,12,ppr,50,position_baseline,WR,0.28474459862339024
2024,12,ppr,50,position_baseline,TE,0.08656307192372888
2024,12,ppr,50,position_baseline,K,-0.6312784782990193
2024,12,ppr,50,roster_aware,market_rank,7.515075722539377
2024,12,ppr,50,roster_aware,starter_need,0.4342872969421296
2024,12,ppr,50,roster_aware,roster_count,1.862114420132603
2024,12,ppr,50,roster_aware,starter_need_late,1.4443714700578394
2024,12,ppr,50,roster_aware,QB,-0.047591526015012604
2024,12,ppr,50,roster_aware,RB,0.43191083338290603
2024,12,ppr,50,roster_aware,WR,0.5784450360570814
2024,12,ppr,50,roster_aware,TE,0.0014135148645892622
2024,12,ppr,50,roster_aware,K,-0.9641778582911578
2024,12,ppr,50,run_aware,market_rank,7.609388911430381
2024,12,ppr,50,run_aware,recent_position_run,0.5709517221497838
2024,12,ppr,50,run_aware,QB,0.033275811077818476
2024,12,ppr,50,run_aware,RB,0.2064636066405428
2024,12,ppr,50,run_aware,WR,0.1594620197290068
2024,12,ppr,50,run_aware,TE,0.11958602471731425
2024,12,ppr,50,run_aware,K,-0.5187874621643567
2024,12,ppr,50,next_turn_aware,market_rank,7.592902077641876
2024,12,ppr,50,next_turn_aware,next_turn_demand,0.1901597207914886
2024,12,ppr,50,next_turn_aware,next_turn_competition,-0.7859707920583195
2024,12,ppr,50,next_turn_aware,QB,-0.03414349756425464
2024,12,ppr,50,next_turn_aware,RB,0.2723910400200831
2024,12,ppr,50,next_turn_aware,WR,0.2811293223748453
2024,12,ppr,50,next_turn_aware,TE,0.10868561219443353
2024,12,ppr,50,next_turn_aware,K,-0.6280624770249057
2024,12,ppr,50,roster_plus_run,market_rank,7.555613193976563
2024,12,ppr,50,roster_plus_run,starter_need,0.4541084861282589
2024,12,ppr,50,roster_plus_run,roster_count,1.7163678381386231
2024,12,ppr,50,roster_plus_run,recent_position_run,0.5104759302814076
2024,12,ppr,50,roster_plus_run,starter_need_late,1.412735162283016
2024,12,ppr,50,roster_plus_run,QB,-0.010766402967598182
2024,12,ppr,50,roster_plus_run,RB,0.36922941589743274
2024,12,ppr,50,roster_plus_run,WR,0.44594725771344784
2024,12,ppr,50,roster_plus_run,TE,0.03335647464574147
2024,12,ppr,50,roster_plus_run,K,-0.8377667452905543
2024,12,ppr,50,roster_plus_next_turn,market_rank,7.552082814185721
2024,12,ppr,50,roster_plus_next_turn,starter_need,0.5042079619510957
2024,12,ppr,50,roster_plus_next_turn,roster_count,1.8694092306460885
2024,12,ppr,50,roster_plus_next_turn,next_turn_demand,0.09338757625987643
2024,12,ppr,50,roster_plus_next_turn,next_turn_competition,-1.0211528575934077
2024,12,ppr,50,roster_plus_next_turn,starter_need_late,1.3790679005642532
2024,12,ppr,50,roster_plus_next_turn,QB,-0.0877804736768798
2024,12,ppr,50,roster_plus_next_turn,RB,0.44206098558624507
2024,12,ppr,50,roster_plus_next_turn,WR,0.5740998267418751
2024,12,ppr,50,roster_plus_next_turn,TE,0.03271797387693593
2024,12,ppr,50,roster_plus_next_turn,K,-0.9610983125296831
2024,12,ppr,50,opponent_aware,market_rank,7.594944737815055
2024,12,ppr,50,opponent_aware,starter_need,0.5288738744102329
2024,12,ppr,50,opponent_aware,roster_count,1.7212012614966665
2024,12,ppr,50,opponent_aware,recent_position_run,0.5267105416465551
2024,12,ppr,50,opponent_aware,next_turn_demand,0.06301681424391214
2024,12,ppr,50,opponent_aware,next_turn_competition,-1.025332965174981
2024,12,ppr,50,opponent_aware,starter_need_late,1.3397282590465924
2024,12,ppr,50,opponent_aware,QB,-0.0506161150529936
2024,12,ppr,50,opponent_aware,RB,0.377663590042975
2024,12,ppr,50,opponent_aware,WR,0.4373518194738874
2024,12,ppr,50,opponent_aware,TE,0.06639771752439579
2024,12,ppr,50,opponent_aware,K,-0.8307970119861515
2024,12,ppr,150,adp_only,market_rank,8.213632785455413
2024,12,ppr,150,position_baseline,market_rank,8.254879544681378
2024,12,ppr,150,position_baseline,QB,-0.024235866332207506
2024,12,ppr,150,position_baseline,RB,0.27821840726880953
2024,12,ppr,150,position_baseline,WR,0.3050390622249598
2024,12,ppr,150,position_baseline,TE,0.021351864496771487
2024,12,ppr,150,position_baseline,K,-0.5803734676622009
2024,12,ppr,150,roster_aware,market_rank,8.208165679215368
2024,12,ppr,150,roster_aware,starter_need,-0.07932781483087893
2024,12,ppr,150,roster_aware,roster_count,1.8073985046606087
2024,12,ppr,150,roster_aware,starter_need_late,2.8904201610891547
2024,12,ppr,150,roster_aware,QB,-0.059603999087246506
2024,12,ppr,150,roster_aware,RB,0.45163988735640404
2024,12,ppr,150,roster_aware,WR,0.5969169927228262
2024,12,ppr,150,roster_aware,TE,-0.07626647240080021
2024,12,ppr,150,roster_aware,K,-0.912686408597367
2024,12,ppr,150,run_aware,market_rank,8.302671171941034
2024,12,ppr,150,run_aware,recent_position_run,0.636926529744438
2024,12,ppr,150,run_aware,QB,0.020260891162539395
2024,12,ppr,150,run_aware,RB,0.2098168772328866
2024,12,ppr,150,run_aware,WR,0.1672961968029014
2024,12,ppr,150,run_aware,TE,0.06147145363039363
2024,12,ppr,150,run_aware,K,-0.45884541882770186
2024,12,ppr,150,next_turn_aware,market_rank,8.282947088042961
2024,12,ppr,150,next_turn_aware,next_turn_demand,0.21417039419186523
2024,12,ppr,150,next_turn_aware,next_turn_competition,-0.8257556098636012
2024,12,ppr,150,next_turn_aware,QB,-0.061252939570027094
2024,12,ppr,150,next_turn_aware,RB,0.2874376982766547
2024,12,ppr,150,next_turn_aware,WR,0.30454574451348954
2024,12,ppr,150,next_turn_aware,TE,0.04556974548377665
2024,12,ppr,150,next_turn_aware,K,-0.5763002487055234
2024,12,ppr,150,roster_plus_run,market_rank,8.254443435136922
2024,12,ppr,150,roster_plus_run,starter_need,-0.043408954464095754
2024,12,ppr,150,roster_plus_run,roster_count,1.6137713562049403
2024,12,ppr,150,roster_plus_run,recent_position_run,0.5833393511224534
2024,12,ppr,150,roster_plus_run,starter_need_late,2.8404237447468654
2024,12,ppr,150,roster_plus_run,QB,-0.014788098993096617
2024,12,ppr,150,roster_plus_run,RB,0.37449372139016196
2024,12,ppr,150,roster_plus_run,WR,0.4435570351144206
2024,12,ppr,150,roster_plus_run,TE,-0.036403870555191356
2024,12,ppr,150,roster_plus_run,K,-0.766858786955907
2024,12,ppr,150,roster_plus_next_turn,market_rank,8.247617218238322
2024,12,ppr,150,roster_plus_next_turn,starter_need,0.053203401342795414
2024,12,ppr,150,roster_plus_next_turn,roster_count,1.8211103253889767
2024,12,ppr,150,roster_plus_next_turn,next_turn_demand,0.14777806607202823
2024,12,ppr,150,roster_plus_next_turn,next_turn_competition,-1.1469705897244569
2024,12,ppr,150,roster_plus_next_turn,starter_need_late,2.7180710789713123
2024,12,ppr,150,roster_plus_next_turn,QB,-0.11339472908084439
2024,12,ppr,150,roster_plus_next_turn,RB,0.4650632546760312
2024,12,ppr,150,roster_plus_next_turn,WR,0.5969330932030759
2024,12,ppr,150,roster_plus_next_turn,TE,-0.04091195042510676
2024,12,ppr,150,roster_plus_next_turn,K,-0.9076896683741349
2024,12,ppr,150,opponent_aware,market_rank,8.29528779098208
2024,12,ppr,150,opponent_aware,starter_need,0.09607243443127615
2024,12,ppr,150,opponent_aware,roster_count,1.6281175642349035
2024,12,ppr,150,opponent_aware,recent_position_run,0.589947571763522
2024,12,ppr,150,opponent_aware,next_turn_demand,0.12994562625557385
2024,12,ppr,150,opponent_aware,next_turn_competition,-1.1440856814627418
2024,12,ppr,150,opponent_aware,starter_need_late,2.6549214918244077
2024,12,ppr,150,opponent_aware,QB,-0.06809756073621594
2024,12,ppr,150,opponent_aware,RB,0.38730843519423513
2024,12,ppr,150,opponent_aware,WR,0.44234323978765366
2024,12,ppr,150,opponent_aware,TE,-0.0002339587212193991
2024,12,ppr,150,opponent_aware,K,-0.7613201555204768
2025,10,ppr,50,adp_only,market_rank,5.377512365427118
2025,10,ppr,50,position_baseline,market_rank,5.370856830210946
2025,10,ppr,50,position_baseline,QB,-0.04230163515718742
2025,10,ppr,50,position_baseline,RB,0.08002806351849631
2025,10,ppr,50,position_baseline,WR,0.10389262324707163
2025,10,ppr,50,position_baseline,TE,0.027367359759799606
2025,10,ppr,50,position_baseline,K,-0.16898641136848347
2025,10,ppr,50,roster_aware,market_rank,5.4435307976964165
2025,10,ppr,50,roster_aware,starter_need,-2.3493495538937794
2025,10,ppr,50,roster_aware,roster_count,1.3708779016395476
2025,10,ppr,50,roster_aware,starter_need_late,8.086973312520518
2025,10,ppr,50,roster_aware,QB,-0.11577816247214053
2025,10,ppr,50,roster_aware,RB,0.34019810687156243
2025,10,ppr,50,roster_aware,WR,0.4257027272920011
2025,10,ppr,50,roster_aware,TE,-0.11816309709185828
2025,10,ppr,50,roster_aware,K,-0.5319595746041799
2025,10,ppr,50,run_aware,market_rank,5.407583708778878
2025,10,ppr,50,run_aware,recent_position_run,0.6261527929829149
2025,10,ppr,50,run_aware,QB,-0.002370187328714338
2025,10,ppr,50,run_aware,RB,0.006719093563735396
2025,10,ppr,50,run_aware,WR,-0.020246228860478607
2025,10,ppr,50,run_aware,TE,0.06520361310482488
2025,10,ppr,50,run_aware,K,-0.04930629047886248
2025,10,ppr,50,next_turn_aware,market_rank,5.352804829014547
2025,10,ppr,50,next_turn_aware,next_turn_demand,0.6168422536565112
2025,10,ppr,50,next_turn_aware,next_turn_competition,0.1955774719516144
2025,10,ppr,50,next_turn_aware,QB,-0.027734090609456
2025,10,ppr,50,next_turn_aware,RB,0.09396823278925821
2025,10,ppr,50,next_turn_aware,WR,0.12102072311665364
2025,10,ppr,50,next_turn_aware,TE,-0.021365295507298484
2025,10,ppr,50,next_turn_aware,K,-0.16588956978871497
2025,10,ppr,50,roster_plus_run,market_rank,5.479758224273972
2025,10,ppr,50,roster_plus_run,starter_need,-2.2493912344201332
2025,10,ppr,50,roster_plus_run,roster_count,1.2664501339303595
2025,10,ppr,50,roster_plus_run,recent_position_run,0.5328066364072623
2025,10,ppr,50,roster_plus_run,starter_need_late,7.856355961055256
2025,10,ppr,50,roster_plus_run,QB,-0.07327562713231277
2025,10,ppr,50,roster_plus_run,RB,0.2726585682899065
2025,10,ppr,50,roster_plus_run,WR,0.3099101488200366
2025,10,ppr,50,roster_plus_run,TE,-0.07859556869250767
2025,10,ppr,50,roster_plus_run,K,-0.43069752128597955
2025,10,ppr,50,roster_plus_next_turn,market_rank,5.439261363240765
2025,10,ppr,50,roster_plus_next_turn,starter_need,-2.334898211462238
2025,10,ppr,50,roster_plus_next_turn,roster_count,1.3828745186042335
2025,10,ppr,50,roster_plus_next_turn,next_turn_demand,0.3795044321911513
2025,10,ppr,50,roster_plus_next_turn,next_turn_competition,-0.046535927617341585
2025,10,ppr,50,roster_plus_next_turn,starter_need_late,7.981390293919598
2025,10,ppr,50,roster_plus_next_turn,QB,-0.10423763123717185
2025,10,ppr,50,roster_plus_next_turn,RB,0.3475909252370793
2025,10,ppr,50,roster_plus_next_turn,WR,0.4343501682424493
2025,10,ppr,50,roster_plus_next_turn,TE,-0.13326933859417253
2025,10,ppr,50,roster_plus_next_turn,K,-0.5444341236532073
2025,10,ppr,50,opponent_aware,market_rank,5.474997190142756
2025,10,ppr,50,opponent_aware,starter_need,-2.2352774380498883
2025,10,ppr,50,opponent_aware,roster_count,1.2776826003382347
2025,10,ppr,50,opponent_aware,recent_position_run,0.5272126624289767
2025,10,ppr,50,opponent_aware,next_turn_demand,0.33979870219295144
2025,10,ppr,50,opponent_aware,next_turn_competition,-0.01986048798810204
2025,10,ppr,50,opponent_aware,starter_need_late,7.756418934265934
2025,10,ppr,50,opponent_aware,QB,-0.06291053702964683
2025,10,ppr,50,opponent_aware,RB,0.2805400966905074
2025,10,ppr,50,opponent_aware,WR,0.3196549331728663
2025,10,ppr,50,opponent_aware,TE,-0.09319479330424772
2025,10,ppr,50,opponent_aware,K,-0.4440896995305902
2025,12,half_ppr,50,adp_only,market_rank,7.657433515717622
2025,12,half_ppr,50,position_baseline,market_rank,7.656634187242069
2025,12,half_ppr,50,position_baseline,QB,-0.061251315829853346
2025,12,half_ppr,50,position_baseline,RB,0.11632543927184515
2025,12,half_ppr,50,position_baseline,WR,0.10496281506334644
2025,12,half_ppr,50,position_baseline,TE,-0.017166543000798624
2025,12,half_ppr,50,position_baseline,K,-0.14287039551232572
2025,12,half_ppr,50,roster_aware,market_rank,7.631159422920385
2025,12,half_ppr,50,roster_aware,starter_need,-0.9852317824493019
2025,12,half_ppr,50,roster_aware,roster_count,3.638720726933939
2025,12,half_ppr,50,roster_aware,starter_need_late,4.374308149882845
2025,12,half_ppr,50,roster_aware,QB,-0.19224774664787642
2025,12,half_ppr,50,roster_aware,RB,0.5467301083889997
2025,12,half_ppr,50,roster_aware,WR,0.6507706474607572
2025,12,half_ppr,50,roster_aware,TE,-0.20274861790910373
2025,12,half_ppr,50,roster_aware,K,-0.802504391301209
2025,12,half_ppr,50,run_aware,market_rank,7.686715482535457
2025,12,half_ppr,50,run_aware,recent_position_run,0.5051821558922444
2025,12,half_ppr,50,run_aware,QB,-0.030688139937800733
2025,12,half_ppr,50,run_aware,RB,0.05566646026822344
2025,12,half_ppr,50,run_aware,WR,0.008057830081122496
2025,12,half_ppr,50,run_aware,TE,0.010326111873782256
2025,12,half_ppr,50,run_aware,K,-0.04336226229213314
2025,12,half_ppr,50,next_turn_aware,market_rank,7.673736209916241
2025,12,half_ppr,50,next_turn_aware,next_turn_demand,0.12359580948122646
2025,12,half_ppr,50,next_turn_aware,next_turn_competition,-0.5985176667011902
2025,12,half_ppr,50,next_turn_aware,QB,-0.06654429151264504
2025,12,half_ppr,50,next_turn_aware,RB,0.10359435316859418
2025,12,half_ppr,50,next_turn_aware,WR,0.09632591456704202
2025,12,half_ppr,50,next_turn_aware,TE,0.009746712259946506
2025,12,half_ppr,50,next_turn_aware,K,-0.14312268849023604
2025,12,half_ppr,50,roster_plus_run,market_rank,7.655689572834578
2025,12,half_ppr,50,roster_plus_run,starter_need,-0.9723562568630397
2025,12,half_ppr,50,roster_plus_run,roster_count,3.5300499972566945
2025,12,half_ppr,50,roster_plus_run,recent_position_run,0.4010723870007136
2025,12,half_ppr,50,roster_plus_run,starter_need_late,4.3421245247762945
2025,12,half_ppr,50,roster_plus_run,QB,-0.16641441546776556
2025,12,half_ppr,50,roster_plus_run,RB,0.49032000296973177
2025,12,half_ppr,50,roster_plus_run,WR,0.5612287608552282
2025,12,half_ppr,50,roster_plus_run,TE,-0.17911167176297527
2025,12,half_ppr,50,roster_plus_run,K,-0.7060226765993072
2025,12,half_ppr,50,roster_plus_next_turn,market_rank,7.664504100317665
2025,12,half_ppr,50,roster_plus_next_turn,starter_need,-0.8566619095454981
2025,12,half_ppr,50,roster_plus_next_turn,roster_count,3.575069795700732
2025,12,half_ppr,50,roster_plus_next_turn,next_turn_demand,-0.05963608791463438
2025,12,half_ppr,50,roster_plus_next_turn,next_turn_competition,-0.8810787706096833
2025,12,half_ppr,50,roster_plus_next_turn,starter_need_late,4.304083615530953
2025,12,half_ppr,50,roster_plus_next_turn,QB,-0.2048880070985453
2025,12,half_ppr,50,roster_plus_next_turn,RB,0.5196056194009552
2025,12,half_ppr,50,roster_plus_next_turn,WR,0.6297361791199804
2025,12,half_ppr,50,roster_plus_next_turn,TE,-0.15266977417096486
2025,12,half_ppr,50,roster_plus_next_turn,K,-0.7917840172603741
2025,12,half_ppr,50,opponent_aware,market_rank,7.690671344592308
2025,12,half_ppr,50,opponent_aware,starter_need,-0.8390357117279619
2025,12,half_ppr,50,opponent_aware,roster_count,3.4602631969757263
2025,12,half_ppr,50,opponent_aware,recent_position_run,0.4184066302950064
2025,12,half_ppr,50,opponent_aware,next_turn_demand,-0.09436596959361769
2025,12,half_ppr,50,opponent_aware,next_turn_competition,-0.876141279757892
2025,12,half_ppr,50,opponent_aware,starter_need_late,4.268238452955919
2025,12,half_ppr,50,opponent_aware,QB,-0.1778076126122237
2025,12,half_ppr,50,opponent_aware,RB,0.4593720350461579
2025,12,half_ppr,50,opponent_aware,WR,0.5353134545718781
2025,12,half_ppr,50,opponent_aware,TE,-0.12690289612586594
2025,12,half_ppr,50,opponent_aware,K,-0.6899749808852147
2025,12,ppr,50,adp_only,market_rank,7.849570827534184
2025,12,ppr,50,position_baseline,market_rank,7.886392343601134
2025,12,ppr,50,position_baseline,QB,-0.22450645244698028
2025,12,ppr,50,position_baseline,RB,0.04052269347981871
2025,12,ppr,50,position_baseline,WR,0.05037542973553145
2025,12,ppr,50,position_baseline,TE,-0.1091473147000637
2025,12,ppr,50,position_baseline,K,0.24275564392375865
2025,12,ppr,50,roster_aware,market_rank,7.807751692242163
2025,12,ppr,50,roster_aware,starter_need,0.7187188382370924
2025,12,ppr,50,roster_aware,roster_count,2.197567053476193
2025,12,ppr,50,roster_aware,starter_need_late,-0.3031895869839646
2025,12,ppr,50,roster_aware,QB,-0.27462498142924896
2025,12,ppr,50,roster_aware,RB,0.2643487930400712
2025,12,ppr,50,roster_aware,WR,0.36552510837685376
2025,12,ppr,50,roster_aware,TE,-0.1966985230139006
2025,12,ppr,50,roster_aware,K,-0.15855039698283122
2025,12,ppr,50,run_aware,market_rank,7.927742817746074
2025,12,ppr,50,run_aware,recent_position_run,0.5320745647766504
2025,12,ppr,50,run_aware,QB,-0.1893003722097083
2025,12,ppr,50,run_aware,RB,-0.01762049299744278
2025,12,ppr,50,run_aware,WR,-0.053619104919808334
2025,12,ppr,50,run_aware,TE,-0.07727874869231945
2025,12,ppr,50,run_aware,K,0.33781871881229786
2025,12,ppr,50,next_turn_aware,market_rank,7.9929080372147165
2025,12,ppr,50,next_turn_aware,next_turn_demand,-0.29356331802757474
2025,12,ppr,50,next_turn_aware,next_turn_competition,-0.8853383531120026
2025,12,ppr,50,next_turn_aware,QB,-0.269257954160934
2025,12,ppr,50,next_turn_aware,RB,0.02549093019214728
2025,12,ppr,50,next_turn_aware,WR,0.03662704421180628
2025,12,ppr,50,next_turn_aware,TE,-0.03420635595191932
2025,12,ppr,50,next_turn_aware,K,0.24134633570109135
2025,12,ppr,50,roster_plus_run,market_rank,7.847533508207364
2025,12,ppr,50,roster_plus_run,starter_need,0.7401605461381052
2025,12,ppr,50,roster_plus_run,roster_count,2.0444895567022177
2025,12,ppr,50,roster_plus_run,recent_position_run,0.47232887547531505
2025,12,ppr,50,roster_plus_run,starter_need_late,-0.3317813105818132
2025,12,ppr,50,roster_plus_run,QB,-0.23981795419712748
2025,12,ppr,50,roster_plus_run,RB,0.19979564622920415
2025,12,ppr,50,roster_plus_run,WR,0.25333787974290806
2025,12,ppr,50,roster_plus_run,TE,-0.16594454569414596
2025,12,ppr,50,roster_plus_run,K,-0.04737102609039416
2025,12,ppr,50,roster_plus_next_turn,market_rank,7.939830464104408
2025,12,ppr,50,roster_plus_next_turn,starter_need,1.1401221438480968
2025,12,ppr,50,roster_plus_next_turn,roster_count,2.273263894639539
2025,12,ppr,50,roster_plus_next_turn,next_turn_demand,-0.48740455857176185
2025,12,ppr,50,roster_plus_next_turn,next_turn_competition,-1.2039156913161366
2025,12,ppr,50,roster_plus_next_turn,starter_need_late,-0.6851245207403643
2025,12,ppr,50,roster_plus_next_turn,QB,-0.3348482505273977
2025,12,ppr,50,roster_plus_next_turn,RB,0.25485510275091067
2025,12,ppr,50,roster_plus_next_turn,WR,0.36168130728317843
2025,12,ppr,50,roster_plus_next_turn,TE,-0.108486542332984
2025,12,ppr,50,roster_plus_next_turn,K,-0.1732016171829292
2025,12,ppr,50,opponent_aware,market_rank,7.981602553932845
2025,12,ppr,50,opponent_aware,starter_need,1.1648685999093702
2025,12,ppr,50,opponent_aware,roster_count,2.1093252111077603
2025,12,ppr,50,opponent_aware,recent_position_run,0.4849439893887606
2025,12,ppr,50,opponent_aware,next_turn_demand,-0.5096469297434999
2025,12,ppr,50,opponent_aware,next_turn_competition,-1.1931884251630154
2025,12,ppr,50,opponent_aware,starter_need_late,-0.7142017690900533
2025,12,ppr,50,opponent_aware,QB,-0.2987958830800619
2025,12,ppr,50,opponent_aware,RB,0.18665293476186978
2025,12,ppr,50,opponent_aware,WR,0.24453182296146037
2025,12,ppr,50,opponent_aware,TE,-0.0767959146576898
2025,12,ppr,50,opponent_aware,K,-0.05559295999310524
2025,12,ppr,150,adp_only,market_rank,7.72333051082387
2025,12,ppr,150,position_baseline,market_rank,7.770555773449417
2025,12,ppr,150,position_baseline,QB,-0.20831011382248826
2025,12,ppr,150,position_baseline,RB,0.11748233444540693
2025,12,ppr,150,position_baseline,WR,0.1255250408758252
2025,12,ppr,150,position_baseline,TE,-0.0845067907736247
2025,12,ppr,150,position_baseline,K,0.04980952924862258
2025,12,ppr,150,roster_aware,market_rank,7.696672498066501
2025,12,ppr,150,roster_aware,starter_need,-0.1463328561392839
2025,12,ppr,150,roster_aware,roster_count,2.474331867664083
2025,12,ppr,150,roster_aware,starter_need_late,2.068111918962521
2025,12,ppr,150,roster_aware,QB,-0.3207577197008392
2025,12,ppr,150,roster_aware,RB,0.40158354983931144
2025,12,ppr,150,roster_aware,WR,0.5053436099584822
2025,12,ppr,150,roster_aware,TE,-0.2253577770007346
2025,12,ppr,150,roster_aware,K,-0.3608116631311264
2025,12,ppr,150,run_aware,market_rank,7.806741325060381
2025,12,ppr,150,run_aware,recent_position_run,0.49369761776348925
2025,12,ppr,150,run_aware,QB,-0.17743370989366783
2025,12,ppr,150,run_aware,RB,0.05867734506181173
2025,12,ppr,150,run_aware,WR,0.025558248282458576
2025,12,ppr,150,run_aware,TE,-0.05766222999028161
2025,12,ppr,150,run_aware,K,0.15086034652160554
2025,12,ppr,150,next_turn_aware,market_rank,7.830131050646165
2025,12,ppr,150,next_turn_aware,next_turn_demand,0.10207292931402971
2025,12,ppr,150,next_turn_aware,next_turn_competition,-1.0263289457425404
2025,12,ppr,150,next_turn_aware,QB,-0.22294242888837648
2025,12,ppr,150,next_turn_aware,RB,0.09926420254604347
2025,12,ppr,150,next_turn_aware,WR,0.10622238302049918
2025,12,ppr,150,next_turn_aware,TE,-0.027347654741022045
2025,12,ppr,150,next_turn_aware,K,0.044803498035929507
2025,12,ppr,150,roster_plus_run,market_rank,7.730016464376172
2025,12,ppr,150,roster_plus_run,starter_need,-0.11266073932309177
2025,12,ppr,150,roster_plus_run,roster_count,2.3370132830205232
2025,12,ppr,150,roster_plus_run,recent_position_run,0.42444262830532936
2025,12,ppr,150,roster_plus_run,starter_need_late,2.0188370798599
2025,12,ppr,150,roster_plus_run,QB,-0.2908664773613898
2025,12,ppr,150,roster_plus_run,RB,0.3401049876582876
2025,12,ppr,150,roster_plus_run,WR,0.4022397859781191
2025,12,ppr,150,roster_plus_run,TE,-0.19995944713592792
2025,12,ppr,150,roster_plus_run,K,-0.2515188491669194
2025,12,ppr,150,roster_plus_next_turn,market_rank,7.7790762851656865
2025,12,ppr,150,roster_plus_next_turn,starter_need,0.1335937867383248
2025,12,ppr,150,roster_plus_next_turn,roster_count,2.5011334185840908
2025,12,ppr,150,roster_plus_next_turn,next_turn_demand,-0.06611262381411863
2025,12,ppr,150,roster_plus_next_turn,next_turn_competition,-1.3983439586696094
2025,12,ppr,150,roster_plus_next_turn,starter_need_late,1.8333485285910331
2025,12,ppr,150,roster_plus_next_turn,QB,-0.3479667020982798
2025,12,ppr,150,roster_plus_next_turn,RB,0.38106735214468784
2025,12,ppr,150,roster_plus_next_turn,WR,0.4851054161691303
2025,12,ppr,150,roster_plus_next_turn,TE,-0.14818431070652419
2025,12,ppr,150,roster_plus_next_turn,K,-0.37002175554319544
2025,12,ppr,150,opponent_aware,market_rank,7.8137715091142255
2025,12,ppr,150,opponent_aware,starter_need,0.16499866578771713
2025,12,ppr,150,opponent_aware,roster_count,2.356377220945788
2025,12,ppr,150,opponent_aware,recent_position_run,0.42720342482604257
2025,12,ppr,150,opponent_aware,next_turn_demand,-0.08476455190694229
2025,12,ppr,150,opponent_aware,next_turn_competition,-1.3875293914737834
2025,12,ppr,150,opponent_aware,starter_need_late,1.7907103916145717
2025,12,ppr,150,opponent_aware,QB,-0.31719301572192343
2025,12,ppr,150,opponent_aware,RB,0.3175069358790191
2025,12,ppr,150,opponent_aware,WR,0.37960540709106044
2025,12,ppr,150,opponent_aware,TE,-0.12264729269582161
2025,12,ppr,150,opponent_aware,K,-0.25727203458375597
